2025-09-21T11:07:00.819+07:00  INFO 17410 --- [auth-service] [main] [                                                 ] c.e.a.a.AuthServiceApplication           : Starting AuthServiceApplication using Java 25.0.1 with PID 17410 (/home/fragile/Desktop/platform-ecom/platform-ecom-backend/auth-services/target/classes started by fragile in /home/fragile/Desktop/platform-ecom)
2025-09-21T11:07:00.825+07:00  INFO 17410 --- [auth-service] [main] [                                                 ] c.e.a.a.AuthServiceApplication           : No active profile set, falling back to 1 default profile: "default"
2025-09-21T11:07:00.864+07:00  INFO 17410 --- [auth-service] [main] [                                                 ] o.s.c.c.c.ConfigServerConfigDataLoader   : Fetching config from server at : http://localhost:8888
2025-09-21T11:07:00.864+07:00  INFO 17410 --- [auth-service] [main] [                                                 ] o.s.c.c.c.ConfigServerConfigDataLoader   : Located environment: name=auth-service, profiles=[default], label=null, version=05bf447223d74fe8fd168d7b3f2b1664286f1da6, state=
2025-09-21T11:07:01.739+07:00  INFO 17410 --- [auth-service] [main] [                                                 ] .s.d.r.c.RepositoryConfigurationDelegate : Bootstrapping Spring Data JPA repositories in DEFAULT mode.
2025-09-21T11:07:01.904+07:00  INFO 17410 --- [auth-service] [main] [                                                 ] .s.d.r.c.RepositoryConfigurationDelegate : Finished Spring Data repository scanning in 154 ms. Found 1 JPA repository interface.
2025-09-21T11:07:02.107+07:00  INFO 17410 --- [auth-service] [main] [                                                 ] o.s.cloud.context.scope.GenericScope     : BeanFactory id=54c89296-be6a-3490-ace2-fcd8b215e6bb
2025-09-21T11:07:02.592+07:00  INFO 17410 --- [auth-service] [main] [                                                 ] o.s.b.w.embedded.tomcat.TomcatWebServer  : Tomcat initialized with port 8081 (http)
2025-09-21T11:07:02.607+07:00  INFO 17410 --- [auth-service] [main] [                                                 ] o.apache.catalina.core.StandardService   : Starting service [Tomcat]
2025-09-21T11:07:02.607+07:00  INFO 17410 --- [auth-service] [main] [                                                 ] o.apache.catalina.core.StandardEngine    : Starting Servlet engine: [Apache Tomcat/10.1.46]
2025-09-21T11:07:02.673+07:00  INFO 17410 --- [auth-service] [main] [                                                 ] o.a.c.c.C.[Tomcat].[localhost].[/]       : Initializing Spring embedded WebApplicationContext
2025-09-21T11:07:02.674+07:00  INFO 17410 --- [auth-service] [main] [                                                 ] w.s.c.ServletWebServerApplicationContext : Root WebApplicationContext: initialization completed in 1808 ms
2025-09-21T11:07:03.404+07:00  INFO 17410 --- [auth-service] [main] [                                                 ] o.hibernate.jpa.internal.util.LogHelper  : HHH000204: Processing PersistenceUnitInfo [name: default]
2025-09-21T11:07:03.473+07:00  INFO 17410 --- [auth-service] [main] [                                                 ] org.hibernate.Version                    : HHH000412: Hibernate ORM core version 6.6.29.Final
2025-09-21T11:07:03.508+07:00  INFO 17410 --- [auth-service] [main] [                                                 ] o.h.c.internal.RegionFactoryInitiator    : HHH000026: Second-level cache disabled
2025-09-21T11:07:03.796+07:00  INFO 17410 --- [auth-service] [main] [                                                 ] o.s.o.j.p.SpringPersistenceUnitInfo      : No LoadTimeWeaver setup: ignoring JPA class transformer
2025-09-21T11:07:03.830+07:00  INFO 17410 --- [auth-service] [main] [                                                 ] com.zaxxer.hikari.HikariDataSource       : HikariPool-1 - Starting...
2025-09-21T11:07:04.230+07:00  INFO 17410 --- [auth-service] [main] [                                                 ] com.zaxxer.hikari.pool.HikariPool        : HikariPool-1 - Added connection org.postgresql.jdbc.PgConnection@48cd8e71
2025-09-21T11:07:04.233+07:00  INFO 17410 --- [auth-service] [main] [                                                 ] com.zaxxer.hikari.HikariDataSource       : HikariPool-1 - Start completed.
2025-09-21T11:07:04.338+07:00  WARN 17410 --- [auth-service] [main] [                                                 ] org.hibernate.orm.deprecation            : HHH90000025: PostgreSQLDialect does not need to be specified explicitly using 'hibernate.dialect' (remove the property setting and it will be selected by default)
2025-09-21T11:07:04.386+07:00  INFO 17410 --- [auth-service] [main] [                                                 ] org.hibernate.orm.connections.pooling    : HHH10001005: Database info:
	Database JDBC URL [Connecting through datasource 'HikariDataSource (HikariPool-1)']
	Database driver: undefined/unknown
	Database version: 17.6
	Autocommit mode: undefined/unknown
	Isolation level: undefined/unknown
	Minimum pool size: undefined/unknown
	Maximum pool size: undefined/unknown
2025-09-21T11:07:05.695+07:00  INFO 17410 --- [auth-service] [main] [                                                 ] o.h.e.t.j.p.i.JtaPlatformInitiator       : HHH000489: No JTA platform available (set 'hibernate.transaction.jta.platform' to enable JTA platform integration)
2025-09-21T11:07:06.156+07:00  INFO 17410 --- [auth-service] [main] [                                                 ] j.LocalContainerEntityManagerFactoryBean : Initialized JPA EntityManagerFactory for persistence unit 'default'
2025-09-21T11:07:06.544+07:00  INFO 17410 --- [auth-service] [main] [                                                 ] o.s.d.j.r.query.QueryEnhancerFactory     : Hibernate is in classpath; If applicable, HQL parser will be used.
2025-09-21T11:07:07.182+07:00  WARN 17410 --- [auth-service] [main] [                                                 ] JpaBaseConfiguration$JpaWebConfiguration : spring.jpa.open-in-view is enabled by default. Therefore, database queries may be performed during view rendering. Explicitly configure spring.jpa.open-in-view to disable this warning
2025-09-21T11:07:08.054+07:00  INFO 17410 --- [auth-service] [main] [                                                 ] DiscoveryClientOptionalArgsConfiguration : Eureka HTTP Client uses RestTemplate.
2025-09-21T11:07:08.100+07:00  WARN 17410 --- [auth-service] [main] [                                                 ] iguration$LoadBalancerCaffeineWarnLogger : Spring Cloud LoadBalancer is currently working with the default cache. While this cache implementation is useful for development and tests, it's recommended to use Caffeine cache in production.You can switch to using Caffeine cache, by adding it and org.springframework.cache.caffeine.CaffeineCacheManager to the classpath.
2025-09-21T11:07:08.112+07:00  INFO 17410 --- [auth-service] [main] [                                                 ] o.s.b.a.e.web.EndpointLinksResolver      : Exposing 18 endpoints beneath base path '/actuator'
2025-09-21T11:07:08.230+07:00  INFO 17410 --- [auth-service] [main] [                                                 ] o.s.c.n.eureka.InstanceInfoFactory       : Setting initial instance status as: STARTING
2025-09-21T11:07:08.252+07:00  INFO 17410 --- [auth-service] [main] [                                                 ] com.netflix.discovery.DiscoveryClient    : Initializing Eureka in region us-east-1
2025-09-21T11:07:08.255+07:00  INFO 17410 --- [auth-service] [main] [                                                 ] c.n.d.s.r.aws.ConfigClusterResolver      : Resolving eureka endpoints via configuration
2025-09-21T11:07:08.264+07:00  INFO 17410 --- [auth-service] [main] [                                                 ] com.netflix.discovery.DiscoveryClient    : Disable delta property : false
2025-09-21T11:07:08.265+07:00  INFO 17410 --- [auth-service] [main] [                                                 ] com.netflix.discovery.DiscoveryClient    : Single vip registry refresh property : null
2025-09-21T11:07:08.266+07:00  INFO 17410 --- [auth-service] [main] [                                                 ] com.netflix.discovery.DiscoveryClient    : Force full registry fetch : false
2025-09-21T11:07:08.266+07:00  INFO 17410 --- [auth-service] [main] [                                                 ] com.netflix.discovery.DiscoveryClient    : Application is null : false
2025-09-21T11:07:08.266+07:00  INFO 17410 --- [auth-service] [main] [                                                 ] com.netflix.discovery.DiscoveryClient    : Registered Applications size is zero : true
2025-09-21T11:07:08.266+07:00  INFO 17410 --- [auth-service] [main] [                                                 ] com.netflix.discovery.DiscoveryClient    : Application version is -1: true
2025-09-21T11:07:08.266+07:00  INFO 17410 --- [auth-service] [main] [                                                 ] com.netflix.discovery.DiscoveryClient    : Getting all instance registry info from the eureka server
2025-09-21T11:07:08.495+07:00  INFO 17410 --- [auth-service] [main] [                                                 ] com.netflix.discovery.DiscoveryClient    : The response status is 200
2025-09-21T11:07:08.497+07:00  INFO 17410 --- [auth-service] [main] [                                                 ] com.netflix.discovery.DiscoveryClient    : Starting heartbeat executor: renew interval is: 30
2025-09-21T11:07:08.499+07:00  INFO 17410 --- [auth-service] [main] [                                                 ] c.n.discovery.InstanceInfoReplicator     : InstanceInfoReplicator onDemand update allowed rate per min is 4
2025-09-21T11:07:08.501+07:00  INFO 17410 --- [auth-service] [main] [                                                 ] com.netflix.discovery.DiscoveryClient    : Discovery Client initialized at timestamp 1758427628500 with initial instances count: 0
2025-09-21T11:07:08.505+07:00  INFO 17410 --- [auth-service] [main] [                                                 ] o.s.c.n.e.s.EurekaServiceRegistry        : Registering application AUTH-SERVICE with eureka with status UP
2025-09-21T11:07:08.506+07:00  INFO 17410 --- [auth-service] [main] [                                                 ] com.netflix.discovery.DiscoveryClient    : Saw local status change event StatusChangeEvent [timestamp=1758427628506, current=UP, previous=STARTING]
2025-09-21T11:07:08.507+07:00  INFO 17410 --- [auth-service] [DiscoveryClient-InstanceInfoReplicator-%d] [                                                 ] com.netflix.discovery.DiscoveryClient    : DiscoveryClient_AUTH-SERVICE/archlinux:auth-service:8081: registering service...
2025-09-21T11:07:08.524+07:00  INFO 17410 --- [auth-service] [main] [                                                 ] o.s.b.w.embedded.tomcat.TomcatWebServer  : Tomcat started on port 8081 (http) with context path '/'
2025-09-21T11:07:08.526+07:00  INFO 17410 --- [auth-service] [main] [                                                 ] .s.c.n.e.s.EurekaAutoServiceRegistration : Updating port to 8081
2025-09-21T11:07:08.555+07:00  INFO 17410 --- [auth-service] [DiscoveryClient-InstanceInfoReplicator-%d] [                                                 ] com.netflix.discovery.DiscoveryClient    : DiscoveryClient_AUTH-SERVICE/archlinux:auth-service:8081 - registration status: 204
2025-09-21T11:07:08.558+07:00  INFO 17410 --- [auth-service] [main] [                                                 ] c.e.a.a.AuthServiceApplication           : Started AuthServiceApplication in 13.36 seconds (process running for 14.159)
2025-09-21T11:07:38.497+07:00  INFO 17410 --- [auth-service] [DiscoveryClient-CacheRefreshExecutor-%d] [                                                 ] com.netflix.discovery.DiscoveryClient    : Disable delta property : false
2025-09-21T11:07:38.498+07:00  INFO 17410 --- [auth-service] [DiscoveryClient-CacheRefreshExecutor-%d] [                                                 ] com.netflix.discovery.DiscoveryClient    : Single vip registry refresh property : null
2025-09-21T11:07:38.498+07:00  INFO 17410 --- [auth-service] [DiscoveryClient-CacheRefreshExecutor-%d] [                                                 ] com.netflix.discovery.DiscoveryClient    : Force full registry fetch : false
2025-09-21T11:07:38.499+07:00  INFO 17410 --- [auth-service] [DiscoveryClient-CacheRefreshExecutor-%d] [                                                 ] com.netflix.discovery.DiscoveryClient    : Application is null : false
2025-09-21T11:07:38.499+07:00  INFO 17410 --- [auth-service] [DiscoveryClient-CacheRefreshExecutor-%d] [                                                 ] com.netflix.discovery.DiscoveryClient    : Registered Applications size is zero : true
2025-09-21T11:07:38.499+07:00  INFO 17410 --- [auth-service] [DiscoveryClient-CacheRefreshExecutor-%d] [                                                 ] com.netflix.discovery.DiscoveryClient    : Application version is -1: false
2025-09-21T11:07:38.499+07:00  INFO 17410 --- [auth-service] [DiscoveryClient-CacheRefreshExecutor-%d] [                                                 ] com.netflix.discovery.DiscoveryClient    : Getting all instance registry info from the eureka server
2025-09-21T11:07:38.530+07:00  INFO 17410 --- [auth-service] [DiscoveryClient-CacheRefreshExecutor-%d] [                                                 ] com.netflix.discovery.DiscoveryClient    : The response status is 200
2025-09-21T11:12:08.268+07:00  INFO 17410 --- [auth-service] [AsyncResolver-bootstrap-executor-%d] [                                                 ] c.n.d.s.r.aws.ConfigClusterResolver      : Resolving eureka endpoints via configuration
2025-09-21T11:17:08.272+07:00  INFO 17410 --- [auth-service] [AsyncResolver-bootstrap-executor-%d] [                                                 ] c.n.d.s.r.aws.ConfigClusterResolver      : Resolving eureka endpoints via configuration
2025-09-21T11:30:10.447+07:00  INFO 17410 --- [auth-service] [AsyncResolver-bootstrap-executor-%d] [                                                 ] c.n.d.s.r.aws.ConfigClusterResolver      : Resolving eureka endpoints via configuration
2025-09-21T11:31:46.756+07:00  INFO 17410 --- [auth-service] [SpringApplicationShutdownHook] [                                                 ] o.s.c.n.e.s.EurekaServiceRegistry        : Unregistering application AUTH-SERVICE with eureka with status DOWN
2025-09-21T11:31:46.765+07:00  INFO 17410 --- [auth-service] [SpringApplicationShutdownHook] [                                                 ] com.netflix.discovery.DiscoveryClient    : Saw local status change event StatusChangeEvent [timestamp=1758429106765, current=DOWN, previous=UP]
2025-09-21T11:31:46.768+07:00  INFO 17410 --- [auth-service] [DiscoveryClient-InstanceInfoReplicator-%d] [                                                 ] com.netflix.discovery.DiscoveryClient    : DiscoveryClient_AUTH-SERVICE/archlinux:auth-service:8081: registering service...
2025-09-21T11:31:46.801+07:00  INFO 17410 --- [auth-service] [SpringApplicationShutdownHook] [                                                 ] o.s.b.w.e.tomcat.GracefulShutdown        : Commencing graceful shutdown. Waiting for active requests to complete
2025-09-21T11:31:46.810+07:00  INFO 17410 --- [auth-service] [DiscoveryClient-InstanceInfoReplicator-%d] [                                                 ] com.netflix.discovery.DiscoveryClient    : DiscoveryClient_AUTH-SERVICE/archlinux:auth-service:8081 - registration status: 204
2025-09-21T11:31:46.810+07:00  INFO 17410 --- [auth-service] [tomcat-shutdown] [                                                 ] o.s.b.w.e.tomcat.GracefulShutdown        : Graceful shutdown complete
2025-09-21T11:31:46.840+07:00  INFO 17410 --- [auth-service] [SpringApplicationShutdownHook] [                                                 ] j.LocalContainerEntityManagerFactoryBean : Closing JPA EntityManagerFactory for persistence unit 'default'
2025-09-21T11:31:46.854+07:00  INFO 17410 --- [auth-service] [SpringApplicationShutdownHook] [                                                 ] com.zaxxer.hikari.HikariDataSource       : HikariPool-1 - Shutdown initiated...
2025-09-21T11:31:46.861+07:00  INFO 17410 --- [auth-service] [SpringApplicationShutdownHook] [                                                 ] com.zaxxer.hikari.HikariDataSource       : HikariPool-1 - Shutdown completed.
2025-09-21T11:31:47.602+07:00  INFO 17410 --- [auth-service] [SpringApplicationShutdownHook] [                                                 ] com.netflix.discovery.DiscoveryClient    : Shutting down DiscoveryClient ...
2025-09-21T11:31:50.603+07:00  INFO 17410 --- [auth-service] [SpringApplicationShutdownHook] [                                                 ] com.netflix.discovery.DiscoveryClient    : Unregistering ...
2025-09-21T11:31:50.617+07:00  INFO 17410 --- [auth-service] [SpringApplicationShutdownHook] [                                                 ] com.netflix.discovery.DiscoveryClient    : DiscoveryClient_AUTH-SERVICE/archlinux:auth-service:8081 - deregister  status: 200
2025-09-21T11:31:50.617+07:00  INFO 17410 --- [auth-service] [SpringApplicationShutdownHook] [                                                 ] com.netflix.discovery.DiscoveryClient    : Completed shut down of DiscoveryClient
2025-09-21T11:52:30.321+07:00  INFO 33807 --- [auth-service] [main] [                                                 ] c.e.a.a.AuthServiceApplication           : Starting AuthServiceApplication using Java 25.0.1 with PID 33807 (/home/fragile/Desktop/platform-ecom/platform-ecom-backend/auth-services/target/classes started by fragile in /home/fragile/Desktop/platform-ecom)
2025-09-21T11:52:30.323+07:00  INFO 33807 --- [auth-service] [main] [                                                 ] c.e.a.a.AuthServiceApplication           : No active profile set, falling back to 1 default profile: "default"
2025-09-21T11:52:30.353+07:00  INFO 33807 --- [auth-service] [main] [                                                 ] o.s.c.c.c.ConfigServerConfigDataLoader   : Fetching config from server at : http://localhost:8888
2025-09-21T11:52:30.354+07:00  INFO 33807 --- [auth-service] [main] [                                                 ] o.s.c.c.c.ConfigServerConfigDataLoader   : Located environment: name=auth-service, profiles=[default], label=null, version=05bf447223d74fe8fd168d7b3f2b1664286f1da6, state=
2025-09-21T11:52:31.121+07:00  INFO 33807 --- [auth-service] [main] [                                                 ] .s.d.r.c.RepositoryConfigurationDelegate : Bootstrapping Spring Data JPA repositories in DEFAULT mode.
2025-09-21T11:52:31.245+07:00  INFO 33807 --- [auth-service] [main] [                                                 ] .s.d.r.c.RepositoryConfigurationDelegate : Finished Spring Data repository scanning in 115 ms. Found 1 JPA repository interface.
2025-09-21T11:52:31.386+07:00  INFO 33807 --- [auth-service] [main] [                                                 ] o.s.cloud.context.scope.GenericScope     : BeanFactory id=54c89296-be6a-3490-ace2-fcd8b215e6bb
2025-09-21T11:52:31.725+07:00  INFO 33807 --- [auth-service] [main] [                                                 ] o.s.b.w.embedded.tomcat.TomcatWebServer  : Tomcat initialized with port 8081 (http)
2025-09-21T11:52:31.739+07:00  INFO 33807 --- [auth-service] [main] [                                                 ] o.apache.catalina.core.StandardService   : Starting service [Tomcat]
2025-09-21T11:52:31.740+07:00  INFO 33807 --- [auth-service] [main] [                                                 ] o.apache.catalina.core.StandardEngine    : Starting Servlet engine: [Apache Tomcat/10.1.46]
2025-09-21T11:52:31.786+07:00  INFO 33807 --- [auth-service] [main] [                                                 ] o.a.c.c.C.[Tomcat].[localhost].[/]       : Initializing Spring embedded WebApplicationContext
2025-09-21T11:52:31.786+07:00  INFO 33807 --- [auth-service] [main] [                                                 ] w.s.c.ServletWebServerApplicationContext : Root WebApplicationContext: initialization completed in 1431 ms
2025-09-21T11:52:32.458+07:00  INFO 33807 --- [auth-service] [main] [                                                 ] o.hibernate.jpa.internal.util.LogHelper  : HHH000204: Processing PersistenceUnitInfo [name: default]
2025-09-21T11:52:32.508+07:00  INFO 33807 --- [auth-service] [main] [                                                 ] org.hibernate.Version                    : HHH000412: Hibernate ORM core version 6.6.29.Final
2025-09-21T11:52:32.544+07:00  INFO 33807 --- [auth-service] [main] [                                                 ] o.h.c.internal.RegionFactoryInitiator    : HHH000026: Second-level cache disabled
2025-09-21T11:52:32.766+07:00  INFO 33807 --- [auth-service] [main] [                                                 ] o.s.o.j.p.SpringPersistenceUnitInfo      : No LoadTimeWeaver setup: ignoring JPA class transformer
2025-09-21T11:52:32.788+07:00  INFO 33807 --- [auth-service] [main] [                                                 ] com.zaxxer.hikari.HikariDataSource       : HikariPool-1 - Starting...
2025-09-21T11:52:32.901+07:00  INFO 33807 --- [auth-service] [main] [                                                 ] com.zaxxer.hikari.pool.HikariPool        : HikariPool-1 - Added connection org.postgresql.jdbc.PgConnection@53153d5e
2025-09-21T11:52:32.903+07:00  INFO 33807 --- [auth-service] [main] [                                                 ] com.zaxxer.hikari.HikariDataSource       : HikariPool-1 - Start completed.
2025-09-21T11:52:32.930+07:00  WARN 33807 --- [auth-service] [main] [                                                 ] org.hibernate.orm.deprecation            : HHH90000025: PostgreSQLDialect does not need to be specified explicitly using 'hibernate.dialect' (remove the property setting and it will be selected by default)
2025-09-21T11:52:32.948+07:00  INFO 33807 --- [auth-service] [main] [                                                 ] org.hibernate.orm.connections.pooling    : HHH10001005: Database info:
	Database JDBC URL [Connecting through datasource 'HikariDataSource (HikariPool-1)']
	Database driver: undefined/unknown
	Database version: 17.6
	Autocommit mode: undefined/unknown
	Isolation level: undefined/unknown
	Minimum pool size: undefined/unknown
	Maximum pool size: undefined/unknown
2025-09-21T11:52:33.825+07:00  INFO 33807 --- [auth-service] [main] [                                                 ] o.h.e.t.j.p.i.JtaPlatformInitiator       : HHH000489: No JTA platform available (set 'hibernate.transaction.jta.platform' to enable JTA platform integration)
2025-09-21T11:52:34.011+07:00  INFO 33807 --- [auth-service] [main] [                                                 ] j.LocalContainerEntityManagerFactoryBean : Initialized JPA EntityManagerFactory for persistence unit 'default'
2025-09-21T11:52:34.223+07:00  INFO 33807 --- [auth-service] [main] [                                                 ] o.s.d.j.r.query.QueryEnhancerFactory     : Hibernate is in classpath; If applicable, HQL parser will be used.
2025-09-21T11:52:34.564+07:00  WARN 33807 --- [auth-service] [main] [                                                 ] JpaBaseConfiguration$JpaWebConfiguration : spring.jpa.open-in-view is enabled by default. Therefore, database queries may be performed during view rendering. Explicitly configure spring.jpa.open-in-view to disable this warning
2025-09-21T11:52:35.063+07:00  INFO 33807 --- [auth-service] [main] [                                                 ] DiscoveryClientOptionalArgsConfiguration : Eureka HTTP Client uses RestTemplate.
2025-09-21T11:52:35.091+07:00  WARN 33807 --- [auth-service] [main] [                                                 ] iguration$LoadBalancerCaffeineWarnLogger : Spring Cloud LoadBalancer is currently working with the default cache. While this cache implementation is useful for development and tests, it's recommended to use Caffeine cache in production.You can switch to using Caffeine cache, by adding it and org.springframework.cache.caffeine.CaffeineCacheManager to the classpath.
2025-09-21T11:52:35.098+07:00  INFO 33807 --- [auth-service] [main] [                                                 ] o.s.b.a.e.web.EndpointLinksResolver      : Exposing 18 endpoints beneath base path '/actuator'
2025-09-21T11:52:35.165+07:00  INFO 33807 --- [auth-service] [main] [                                                 ] o.s.c.n.eureka.InstanceInfoFactory       : Setting initial instance status as: STARTING
2025-09-21T11:52:35.183+07:00  INFO 33807 --- [auth-service] [main] [                                                 ] com.netflix.discovery.DiscoveryClient    : Initializing Eureka in region us-east-1
2025-09-21T11:52:35.185+07:00  INFO 33807 --- [auth-service] [main] [                                                 ] c.n.d.s.r.aws.ConfigClusterResolver      : Resolving eureka endpoints via configuration
2025-09-21T11:52:35.190+07:00  INFO 33807 --- [auth-service] [main] [                                                 ] com.netflix.discovery.DiscoveryClient    : Disable delta property : false
2025-09-21T11:52:35.191+07:00  INFO 33807 --- [auth-service] [main] [                                                 ] com.netflix.discovery.DiscoveryClient    : Single vip registry refresh property : null
2025-09-21T11:52:35.191+07:00  INFO 33807 --- [auth-service] [main] [                                                 ] com.netflix.discovery.DiscoveryClient    : Force full registry fetch : false
2025-09-21T11:52:35.191+07:00  INFO 33807 --- [auth-service] [main] [                                                 ] com.netflix.discovery.DiscoveryClient    : Application is null : false
2025-09-21T11:52:35.191+07:00  INFO 33807 --- [auth-service] [main] [                                                 ] com.netflix.discovery.DiscoveryClient    : Registered Applications size is zero : true
2025-09-21T11:52:35.191+07:00  INFO 33807 --- [auth-service] [main] [                                                 ] com.netflix.discovery.DiscoveryClient    : Application version is -1: true
2025-09-21T11:52:35.191+07:00  INFO 33807 --- [auth-service] [main] [                                                 ] com.netflix.discovery.DiscoveryClient    : Getting all instance registry info from the eureka server
2025-09-21T11:52:35.356+07:00  INFO 33807 --- [auth-service] [main] [                                                 ] com.netflix.discovery.DiscoveryClient    : The response status is 200
2025-09-21T11:52:35.357+07:00  INFO 33807 --- [auth-service] [main] [                                                 ] com.netflix.discovery.DiscoveryClient    : Starting heartbeat executor: renew interval is: 30
2025-09-21T11:52:35.358+07:00  INFO 33807 --- [auth-service] [main] [                                                 ] c.n.discovery.InstanceInfoReplicator     : InstanceInfoReplicator onDemand update allowed rate per min is 4
2025-09-21T11:52:35.360+07:00  INFO 33807 --- [auth-service] [main] [                                                 ] com.netflix.discovery.DiscoveryClient    : Discovery Client initialized at timestamp 1758430355359 with initial instances count: 0
2025-09-21T11:52:35.362+07:00  INFO 33807 --- [auth-service] [main] [                                                 ] o.s.c.n.e.s.EurekaServiceRegistry        : Registering application AUTH-SERVICE with eureka with status UP
2025-09-21T11:52:35.363+07:00  INFO 33807 --- [auth-service] [main] [                                                 ] com.netflix.discovery.DiscoveryClient    : Saw local status change event StatusChangeEvent [timestamp=1758430355363, current=UP, previous=STARTING]
2025-09-21T11:52:35.364+07:00  INFO 33807 --- [auth-service] [DiscoveryClient-InstanceInfoReplicator-%d] [                                                 ] com.netflix.discovery.DiscoveryClient    : DiscoveryClient_AUTH-SERVICE/archlinux:auth-service:8081: registering service...
2025-09-21T11:52:35.385+07:00  INFO 33807 --- [auth-service] [main] [                                                 ] o.s.b.w.embedded.tomcat.TomcatWebServer  : Tomcat started on port 8081 (http) with context path '/'
2025-09-21T11:52:35.387+07:00  INFO 33807 --- [auth-service] [main] [                                                 ] .s.c.n.e.s.EurekaAutoServiceRegistration : Updating port to 8081
2025-09-21T11:52:35.408+07:00  INFO 33807 --- [auth-service] [main] [                                                 ] c.e.a.a.AuthServiceApplication           : Started AuthServiceApplication in 9.756 seconds (process running for 10.277)
2025-09-21T11:52:35.414+07:00  INFO 33807 --- [auth-service] [DiscoveryClient-InstanceInfoReplicator-%d] [                                                 ] com.netflix.discovery.DiscoveryClient    : DiscoveryClient_AUTH-SERVICE/archlinux:auth-service:8081 - registration status: 204
2025-09-21T11:53:05.358+07:00  INFO 33807 --- [auth-service] [DiscoveryClient-CacheRefreshExecutor-%d] [                                                 ] com.netflix.discovery.DiscoveryClient    : Disable delta property : false
2025-09-21T11:53:05.359+07:00  INFO 33807 --- [auth-service] [DiscoveryClient-CacheRefreshExecutor-%d] [                                                 ] com.netflix.discovery.DiscoveryClient    : Single vip registry refresh property : null
2025-09-21T11:53:05.359+07:00  INFO 33807 --- [auth-service] [DiscoveryClient-CacheRefreshExecutor-%d] [                                                 ] com.netflix.discovery.DiscoveryClient    : Force full registry fetch : false
2025-09-21T11:53:05.359+07:00  INFO 33807 --- [auth-service] [DiscoveryClient-CacheRefreshExecutor-%d] [                                                 ] com.netflix.discovery.DiscoveryClient    : Application is null : false
2025-09-21T11:53:05.360+07:00  INFO 33807 --- [auth-service] [DiscoveryClient-CacheRefreshExecutor-%d] [                                                 ] com.netflix.discovery.DiscoveryClient    : Registered Applications size is zero : true
2025-09-21T11:53:05.360+07:00  INFO 33807 --- [auth-service] [DiscoveryClient-CacheRefreshExecutor-%d] [                                                 ] com.netflix.discovery.DiscoveryClient    : Application version is -1: false
2025-09-21T11:53:05.361+07:00  INFO 33807 --- [auth-service] [DiscoveryClient-CacheRefreshExecutor-%d] [                                                 ] com.netflix.discovery.DiscoveryClient    : Getting all instance registry info from the eureka server
2025-09-21T11:53:05.378+07:00  INFO 33807 --- [auth-service] [DiscoveryClient-CacheRefreshExecutor-%d] [                                                 ] com.netflix.discovery.DiscoveryClient    : The response status is 200
2025-09-21T11:57:35.192+07:00  INFO 33807 --- [auth-service] [AsyncResolver-bootstrap-executor-%d] [                                                 ] c.n.d.s.r.aws.ConfigClusterResolver      : Resolving eureka endpoints via configuration
2025-09-21T11:57:57.701+07:00  INFO 33807 --- [auth-service] [SpringApplicationShutdownHook] [                                                 ] o.s.c.n.e.s.EurekaServiceRegistry        : Unregistering application AUTH-SERVICE with eureka with status DOWN
2025-09-21T11:57:57.701+07:00  INFO 33807 --- [auth-service] [SpringApplicationShutdownHook] [                                                 ] com.netflix.discovery.DiscoveryClient    : Saw local status change event StatusChangeEvent [timestamp=1758430677701, current=DOWN, previous=UP]
2025-09-21T11:57:57.703+07:00  INFO 33807 --- [auth-service] [DiscoveryClient-InstanceInfoReplicator-%d] [                                                 ] com.netflix.discovery.DiscoveryClient    : DiscoveryClient_AUTH-SERVICE/archlinux:auth-service:8081: registering service...
2025-09-21T11:57:57.706+07:00  INFO 33807 --- [auth-service] [SpringApplicationShutdownHook] [                                                 ] o.s.b.w.e.tomcat.GracefulShutdown        : Commencing graceful shutdown. Waiting for active requests to complete
2025-09-21T11:57:57.715+07:00  INFO 33807 --- [auth-service] [tomcat-shutdown] [                                                 ] o.s.b.w.e.tomcat.GracefulShutdown        : Graceful shutdown complete
2025-09-21T11:57:57.721+07:00  INFO 33807 --- [auth-service] [DiscoveryClient-InstanceInfoReplicator-%d] [                                                 ] com.netflix.discovery.DiscoveryClient    : DiscoveryClient_AUTH-SERVICE/archlinux:auth-service:8081 - registration status: 204
2025-09-21T11:57:57.753+07:00  INFO 33807 --- [auth-service] [SpringApplicationShutdownHook] [                                                 ] j.LocalContainerEntityManagerFactoryBean : Closing JPA EntityManagerFactory for persistence unit 'default'
2025-09-21T11:57:57.760+07:00  INFO 33807 --- [auth-service] [SpringApplicationShutdownHook] [                                                 ] com.zaxxer.hikari.HikariDataSource       : HikariPool-1 - Shutdown initiated...
2025-09-21T11:57:57.764+07:00  INFO 33807 --- [auth-service] [SpringApplicationShutdownHook] [                                                 ] com.zaxxer.hikari.HikariDataSource       : HikariPool-1 - Shutdown completed.
2025-09-21T11:57:58.530+07:00  INFO 33807 --- [auth-service] [SpringApplicationShutdownHook] [                                                 ] com.netflix.discovery.DiscoveryClient    : Shutting down DiscoveryClient ...
2025-09-21T11:58:01.530+07:00  INFO 33807 --- [auth-service] [SpringApplicationShutdownHook] [                                                 ] com.netflix.discovery.DiscoveryClient    : Unregistering ...
2025-09-21T11:58:01.537+07:00  INFO 33807 --- [auth-service] [SpringApplicationShutdownHook] [                                                 ] com.netflix.discovery.DiscoveryClient    : DiscoveryClient_AUTH-SERVICE/archlinux:auth-service:8081 - deregister  status: 200
2025-09-21T11:58:01.537+07:00  INFO 33807 --- [auth-service] [SpringApplicationShutdownHook] [                                                 ] com.netflix.discovery.DiscoveryClient    : Completed shut down of DiscoveryClient
2025-09-21T11:58:49.943+07:00  INFO 37464 --- [auth-service] [main] [                                                 ] c.e.a.a.AuthServiceApplication           : Starting AuthServiceApplication using Java 25.0.1 with PID 37464 (/home/fragile/Desktop/platform-ecom/platform-ecom-backend/auth-services/target/classes started by fragile in /home/fragile/Desktop/platform-ecom)
2025-09-21T11:58:49.946+07:00  INFO 37464 --- [auth-service] [main] [                                                 ] c.e.a.a.AuthServiceApplication           : No active profile set, falling back to 1 default profile: "default"
2025-09-21T11:58:49.980+07:00  INFO 37464 --- [auth-service] [main] [                                                 ] o.s.c.c.c.ConfigServerConfigDataLoader   : Fetching config from server at : http://localhost:8888
2025-09-21T11:58:49.980+07:00  INFO 37464 --- [auth-service] [main] [                                                 ] o.s.c.c.c.ConfigServerConfigDataLoader   : Located environment: name=auth-service, profiles=[default], label=null, version=9705519d40fa88cd8b43175f295075c269ace9d5, state=
2025-09-21T11:58:51.048+07:00  INFO 37464 --- [auth-service] [main] [                                                 ] .s.d.r.c.RepositoryConfigurationDelegate : Bootstrapping Spring Data JPA repositories in DEFAULT mode.
2025-09-21T11:58:51.357+07:00  INFO 37464 --- [auth-service] [main] [                                                 ] .s.d.r.c.RepositoryConfigurationDelegate : Finished Spring Data repository scanning in 295 ms. Found 1 JPA repository interface.
2025-09-21T11:58:51.728+07:00  INFO 37464 --- [auth-service] [main] [                                                 ] o.s.cloud.context.scope.GenericScope     : BeanFactory id=54c89296-be6a-3490-ace2-fcd8b215e6bb
2025-09-21T11:58:52.758+07:00  INFO 37464 --- [auth-service] [main] [                                                 ] o.s.b.w.embedded.tomcat.TomcatWebServer  : Tomcat initialized with port 8081 (http)
2025-09-21T11:58:52.779+07:00  INFO 37464 --- [auth-service] [main] [                                                 ] o.apache.catalina.core.StandardService   : Starting service [Tomcat]
2025-09-21T11:58:52.780+07:00  INFO 37464 --- [auth-service] [main] [                                                 ] o.apache.catalina.core.StandardEngine    : Starting Servlet engine: [Apache Tomcat/10.1.46]
2025-09-21T11:58:52.872+07:00  INFO 37464 --- [auth-service] [main] [                                                 ] o.a.c.c.C.[Tomcat].[localhost].[/]       : Initializing Spring embedded WebApplicationContext
2025-09-21T11:58:52.873+07:00  INFO 37464 --- [auth-service] [main] [                                                 ] w.s.c.ServletWebServerApplicationContext : Root WebApplicationContext: initialization completed in 2891 ms
2025-09-21T11:58:54.637+07:00  INFO 37464 --- [auth-service] [main] [                                                 ] o.hibernate.jpa.internal.util.LogHelper  : HHH000204: Processing PersistenceUnitInfo [name: default]
2025-09-21T11:58:54.791+07:00  INFO 37464 --- [auth-service] [main] [                                                 ] org.hibernate.Version                    : HHH000412: Hibernate ORM core version 6.6.29.Final
2025-09-21T11:58:54.879+07:00  INFO 37464 --- [auth-service] [main] [                                                 ] o.h.c.internal.RegionFactoryInitiator    : HHH000026: Second-level cache disabled
2025-09-21T11:58:56.003+07:00  INFO 37464 --- [auth-service] [main] [                                                 ] o.s.o.j.p.SpringPersistenceUnitInfo      : No LoadTimeWeaver setup: ignoring JPA class transformer
2025-09-21T11:58:56.086+07:00  INFO 37464 --- [auth-service] [main] [                                                 ] com.zaxxer.hikari.HikariDataSource       : HikariPool-1 - Starting...
2025-09-21T11:58:56.404+07:00  INFO 37464 --- [auth-service] [main] [                                                 ] com.zaxxer.hikari.pool.HikariPool        : HikariPool-1 - Added connection org.postgresql.jdbc.PgConnection@20a18cc9
2025-09-21T11:58:56.411+07:00  INFO 37464 --- [auth-service] [main] [                                                 ] com.zaxxer.hikari.HikariDataSource       : HikariPool-1 - Start completed.
2025-09-21T11:58:56.482+07:00  WARN 37464 --- [auth-service] [main] [                                                 ] org.hibernate.orm.deprecation            : HHH90000025: PostgreSQLDialect does not need to be specified explicitly using 'hibernate.dialect' (remove the property setting and it will be selected by default)
2025-09-21T11:58:56.558+07:00  INFO 37464 --- [auth-service] [main] [                                                 ] org.hibernate.orm.connections.pooling    : HHH10001005: Database info:
	Database JDBC URL [Connecting through datasource 'HikariDataSource (HikariPool-1)']
	Database driver: undefined/unknown
	Database version: 17.6
	Autocommit mode: undefined/unknown
	Isolation level: undefined/unknown
	Minimum pool size: undefined/unknown
	Maximum pool size: undefined/unknown
2025-09-21T11:58:59.171+07:00  INFO 37464 --- [auth-service] [main] [                                                 ] o.h.e.t.j.p.i.JtaPlatformInitiator       : HHH000489: No JTA platform available (set 'hibernate.transaction.jta.platform' to enable JTA platform integration)
2025-09-21T11:58:59.755+07:00  INFO 37464 --- [auth-service] [main] [                                                 ] j.LocalContainerEntityManagerFactoryBean : Initialized JPA EntityManagerFactory for persistence unit 'default'
2025-09-21T11:59:00.510+07:00  INFO 37464 --- [auth-service] [main] [                                                 ] o.s.d.j.r.query.QueryEnhancerFactory     : Hibernate is in classpath; If applicable, HQL parser will be used.
2025-09-21T11:59:01.510+07:00  WARN 37464 --- [auth-service] [main] [                                                 ] JpaBaseConfiguration$JpaWebConfiguration : spring.jpa.open-in-view is enabled by default. Therefore, database queries may be performed during view rendering. Explicitly configure spring.jpa.open-in-view to disable this warning
2025-09-21T11:59:02.598+07:00  INFO 37464 --- [auth-service] [main] [                                                 ] DiscoveryClientOptionalArgsConfiguration : Eureka HTTP Client uses RestTemplate.
2025-09-21T11:59:02.652+07:00  WARN 37464 --- [auth-service] [main] [                                                 ] iguration$LoadBalancerCaffeineWarnLogger : Spring Cloud LoadBalancer is currently working with the default cache. While this cache implementation is useful for development and tests, it's recommended to use Caffeine cache in production.You can switch to using Caffeine cache, by adding it and org.springframework.cache.caffeine.CaffeineCacheManager to the classpath.
2025-09-21T11:59:02.668+07:00  INFO 37464 --- [auth-service] [main] [                                                 ] o.s.b.a.e.web.EndpointLinksResolver      : Exposing 18 endpoints beneath base path '/actuator'
2025-09-21T11:59:02.786+07:00  INFO 37464 --- [auth-service] [main] [                                                 ] o.s.c.n.eureka.InstanceInfoFactory       : Setting initial instance status as: STARTING
2025-09-21T11:59:02.827+07:00  INFO 37464 --- [auth-service] [main] [                                                 ] com.netflix.discovery.DiscoveryClient    : Initializing Eureka in region us-east-1
2025-09-21T11:59:02.837+07:00  INFO 37464 --- [auth-service] [main] [                                                 ] c.n.d.s.r.aws.ConfigClusterResolver      : Resolving eureka endpoints via configuration
2025-09-21T11:59:02.857+07:00  INFO 37464 --- [auth-service] [main] [                                                 ] com.netflix.discovery.DiscoveryClient    : Disable delta property : false
2025-09-21T11:59:02.857+07:00  INFO 37464 --- [auth-service] [main] [                                                 ] com.netflix.discovery.DiscoveryClient    : Single vip registry refresh property : null
2025-09-21T11:59:02.858+07:00  INFO 37464 --- [auth-service] [main] [                                                 ] com.netflix.discovery.DiscoveryClient    : Force full registry fetch : false
2025-09-21T11:59:02.859+07:00  INFO 37464 --- [auth-service] [main] [                                                 ] com.netflix.discovery.DiscoveryClient    : Application is null : false
2025-09-21T11:59:02.859+07:00  INFO 37464 --- [auth-service] [main] [                                                 ] com.netflix.discovery.DiscoveryClient    : Registered Applications size is zero : true
2025-09-21T11:59:02.860+07:00  INFO 37464 --- [auth-service] [main] [                                                 ] com.netflix.discovery.DiscoveryClient    : Application version is -1: true
2025-09-21T11:59:02.860+07:00  INFO 37464 --- [auth-service] [main] [                                                 ] com.netflix.discovery.DiscoveryClient    : Getting all instance registry info from the eureka server
2025-09-21T11:59:03.264+07:00  INFO 37464 --- [auth-service] [main] [                                                 ] com.netflix.discovery.DiscoveryClient    : The response status is 200
2025-09-21T11:59:03.267+07:00  INFO 37464 --- [auth-service] [main] [                                                 ] com.netflix.discovery.DiscoveryClient    : Starting heartbeat executor: renew interval is: 30
2025-09-21T11:59:03.269+07:00  INFO 37464 --- [auth-service] [main] [                                                 ] c.n.discovery.InstanceInfoReplicator     : InstanceInfoReplicator onDemand update allowed rate per min is 4
2025-09-21T11:59:03.271+07:00  INFO 37464 --- [auth-service] [main] [                                                 ] com.netflix.discovery.DiscoveryClient    : Discovery Client initialized at timestamp 1758430743270 with initial instances count: 1
2025-09-21T11:59:03.276+07:00  INFO 37464 --- [auth-service] [main] [                                                 ] o.s.c.n.e.s.EurekaServiceRegistry        : Registering application AUTH-SERVICE with eureka with status UP
2025-09-21T11:59:03.277+07:00  INFO 37464 --- [auth-service] [main] [                                                 ] com.netflix.discovery.DiscoveryClient    : Saw local status change event StatusChangeEvent [timestamp=1758430743277, current=UP, previous=STARTING]
2025-09-21T11:59:03.279+07:00  INFO 37464 --- [auth-service] [DiscoveryClient-InstanceInfoReplicator-%d] [                                                 ] com.netflix.discovery.DiscoveryClient    : DiscoveryClient_AUTH-SERVICE/archlinux:auth-service:8081: registering service...
2025-09-21T11:59:03.293+07:00  INFO 37464 --- [auth-service] [main] [                                                 ] o.s.b.w.embedded.tomcat.TomcatWebServer  : Tomcat started on port 8081 (http) with context path '/'
2025-09-21T11:59:03.295+07:00  INFO 37464 --- [auth-service] [main] [                                                 ] .s.c.n.e.s.EurekaAutoServiceRegistration : Updating port to 8081
2025-09-21T11:59:03.323+07:00  INFO 37464 --- [auth-service] [main] [                                                 ] c.e.a.a.AuthServiceApplication           : Started AuthServiceApplication in 19.002 seconds (process running for 19.497)
2025-09-21T11:59:03.357+07:00  INFO 37464 --- [auth-service] [DiscoveryClient-InstanceInfoReplicator-%d] [                                                 ] com.netflix.discovery.DiscoveryClient    : DiscoveryClient_AUTH-SERVICE/archlinux:auth-service:8081 - registration status: 204
2025-09-21T12:04:02.862+07:00  INFO 37464 --- [auth-service] [AsyncResolver-bootstrap-executor-%d] [                                                 ] c.n.d.s.r.aws.ConfigClusterResolver      : Resolving eureka endpoints via configuration
2025-09-21T12:05:00.536+07:00  INFO 37464 --- [auth-service] [SpringApplicationShutdownHook] [                                                 ] o.s.c.n.e.s.EurekaServiceRegistry        : Unregistering application AUTH-SERVICE with eureka with status DOWN
2025-09-21T12:05:00.536+07:00  INFO 37464 --- [auth-service] [SpringApplicationShutdownHook] [                                                 ] com.netflix.discovery.DiscoveryClient    : Saw local status change event StatusChangeEvent [timestamp=1758431100536, current=DOWN, previous=UP]
2025-09-21T12:05:00.537+07:00  INFO 37464 --- [auth-service] [DiscoveryClient-InstanceInfoReplicator-%d] [                                                 ] com.netflix.discovery.DiscoveryClient    : DiscoveryClient_AUTH-SERVICE/archlinux:auth-service:8081: registering service...
2025-09-21T12:05:00.538+07:00  INFO 37464 --- [auth-service] [SpringApplicationShutdownHook] [                                                 ] o.s.b.w.e.tomcat.GracefulShutdown        : Commencing graceful shutdown. Waiting for active requests to complete
2025-09-21T12:05:00.540+07:00  INFO 37464 --- [auth-service] [tomcat-shutdown] [                                                 ] o.s.b.w.e.tomcat.GracefulShutdown        : Graceful shutdown complete
2025-09-21T12:05:00.543+07:00  INFO 37464 --- [auth-service] [DiscoveryClient-InstanceInfoReplicator-%d] [                                                 ] com.netflix.discovery.DiscoveryClient    : DiscoveryClient_AUTH-SERVICE/archlinux:auth-service:8081 - registration status: 204
2025-09-21T12:05:00.548+07:00  INFO 37464 --- [auth-service] [SpringApplicationShutdownHook] [                                                 ] j.LocalContainerEntityManagerFactoryBean : Closing JPA EntityManagerFactory for persistence unit 'default'
2025-09-21T12:05:00.550+07:00  INFO 37464 --- [auth-service] [SpringApplicationShutdownHook] [                                                 ] com.zaxxer.hikari.HikariDataSource       : HikariPool-1 - Shutdown initiated...
2025-09-21T12:05:00.553+07:00  INFO 37464 --- [auth-service] [SpringApplicationShutdownHook] [                                                 ] com.zaxxer.hikari.HikariDataSource       : HikariPool-1 - Shutdown completed.
2025-09-21T12:05:00.980+07:00  INFO 37464 --- [auth-service] [SpringApplicationShutdownHook] [                                                 ] com.netflix.discovery.DiscoveryClient    : Shutting down DiscoveryClient ...
2025-09-21T12:05:03.981+07:00  INFO 37464 --- [auth-service] [SpringApplicationShutdownHook] [                                                 ] com.netflix.discovery.DiscoveryClient    : Unregistering ...
2025-09-21T12:05:03.989+07:00  INFO 37464 --- [auth-service] [SpringApplicationShutdownHook] [                                                 ] com.netflix.discovery.DiscoveryClient    : DiscoveryClient_AUTH-SERVICE/archlinux:auth-service:8081 - deregister  status: 200
2025-09-21T12:05:03.990+07:00  INFO 37464 --- [auth-service] [SpringApplicationShutdownHook] [                                                 ] com.netflix.discovery.DiscoveryClient    : Completed shut down of DiscoveryClient
2025-09-21T12:05:10.824+07:00  INFO 40826 --- [auth-service] [main] [                                                 ] c.e.a.a.AuthServiceApplication           : Starting AuthServiceApplication using Java 25.0.1 with PID 40826 (/home/fragile/Desktop/platform-ecom/platform-ecom-backend/auth-services/target/classes started by fragile in /home/fragile/Desktop/platform-ecom)
2025-09-21T12:05:10.826+07:00  INFO 40826 --- [auth-service] [main] [                                                 ] c.e.a.a.AuthServiceApplication           : No active profile set, falling back to 1 default profile: "default"
2025-09-21T12:05:10.860+07:00  INFO 40826 --- [auth-service] [main] [                                                 ] o.s.c.c.c.ConfigServerConfigDataLoader   : Fetching config from server at : http://localhost:8888
2025-09-21T12:05:10.860+07:00  INFO 40826 --- [auth-service] [main] [                                                 ] o.s.c.c.c.ConfigServerConfigDataLoader   : Located environment: name=auth-service, profiles=[default], label=null, version=8c2929ececc9dd576f61d9903b4bcd5501d53f63, state=
2025-09-21T12:05:11.579+07:00  INFO 40826 --- [auth-service] [main] [                                                 ] .s.d.r.c.RepositoryConfigurationDelegate : Bootstrapping Spring Data JPA repositories in DEFAULT mode.
2025-09-21T12:05:11.672+07:00  INFO 40826 --- [auth-service] [main] [                                                 ] .s.d.r.c.RepositoryConfigurationDelegate : Finished Spring Data repository scanning in 86 ms. Found 1 JPA repository interface.
2025-09-21T12:05:11.831+07:00  INFO 40826 --- [auth-service] [main] [                                                 ] o.s.cloud.context.scope.GenericScope     : BeanFactory id=54c89296-be6a-3490-ace2-fcd8b215e6bb
2025-09-21T12:05:12.211+07:00  INFO 40826 --- [auth-service] [main] [                                                 ] o.s.b.w.embedded.tomcat.TomcatWebServer  : Tomcat initialized with port 8081 (http)
2025-09-21T12:05:12.225+07:00  INFO 40826 --- [auth-service] [main] [                                                 ] o.apache.catalina.core.StandardService   : Starting service [Tomcat]
2025-09-21T12:05:12.225+07:00  INFO 40826 --- [auth-service] [main] [                                                 ] o.apache.catalina.core.StandardEngine    : Starting Servlet engine: [Apache Tomcat/10.1.46]
2025-09-21T12:05:12.276+07:00  INFO 40826 --- [auth-service] [main] [                                                 ] o.a.c.c.C.[Tomcat].[localhost].[/]       : Initializing Spring embedded WebApplicationContext
2025-09-21T12:05:12.276+07:00  INFO 40826 --- [auth-service] [main] [                                                 ] w.s.c.ServletWebServerApplicationContext : Root WebApplicationContext: initialization completed in 1415 ms
2025-09-21T12:05:12.805+07:00  INFO 40826 --- [auth-service] [main] [                                                 ] o.hibernate.jpa.internal.util.LogHelper  : HHH000204: Processing PersistenceUnitInfo [name: default]
2025-09-21T12:05:12.839+07:00  INFO 40826 --- [auth-service] [main] [                                                 ] org.hibernate.Version                    : HHH000412: Hibernate ORM core version 6.6.29.Final
2025-09-21T12:05:12.863+07:00  INFO 40826 --- [auth-service] [main] [                                                 ] o.h.c.internal.RegionFactoryInitiator    : HHH000026: Second-level cache disabled
2025-09-21T12:05:13.092+07:00  INFO 40826 --- [auth-service] [main] [                                                 ] o.s.o.j.p.SpringPersistenceUnitInfo      : No LoadTimeWeaver setup: ignoring JPA class transformer
2025-09-21T12:05:13.127+07:00  INFO 40826 --- [auth-service] [main] [                                                 ] com.zaxxer.hikari.HikariDataSource       : HikariPool-1 - Starting...
2025-09-21T12:05:13.341+07:00  INFO 40826 --- [auth-service] [main] [                                                 ] com.zaxxer.hikari.pool.HikariPool        : HikariPool-1 - Added connection org.postgresql.jdbc.PgConnection@48cd8e71
2025-09-21T12:05:13.344+07:00  INFO 40826 --- [auth-service] [main] [                                                 ] com.zaxxer.hikari.HikariDataSource       : HikariPool-1 - Start completed.
2025-09-21T12:05:13.387+07:00  WARN 40826 --- [auth-service] [main] [                                                 ] org.hibernate.orm.deprecation            : HHH90000025: PostgreSQLDialect does not need to be specified explicitly using 'hibernate.dialect' (remove the property setting and it will be selected by default)
2025-09-21T12:05:13.419+07:00  INFO 40826 --- [auth-service] [main] [                                                 ] org.hibernate.orm.connections.pooling    : HHH10001005: Database info:
	Database JDBC URL [Connecting through datasource 'HikariDataSource (HikariPool-1)']
	Database driver: undefined/unknown
	Database version: 17.6
	Autocommit mode: undefined/unknown
	Isolation level: undefined/unknown
	Minimum pool size: undefined/unknown
	Maximum pool size: undefined/unknown
2025-09-21T12:05:14.724+07:00  INFO 40826 --- [auth-service] [main] [                                                 ] o.h.e.t.j.p.i.JtaPlatformInitiator       : HHH000489: No JTA platform available (set 'hibernate.transaction.jta.platform' to enable JTA platform integration)
2025-09-21T12:05:15.039+07:00  INFO 40826 --- [auth-service] [main] [                                                 ] j.LocalContainerEntityManagerFactoryBean : Initialized JPA EntityManagerFactory for persistence unit 'default'
2025-09-21T12:05:15.296+07:00  INFO 40826 --- [auth-service] [main] [                                                 ] o.s.d.j.r.query.QueryEnhancerFactory     : Hibernate is in classpath; If applicable, HQL parser will be used.
2025-09-21T12:05:15.618+07:00  WARN 40826 --- [auth-service] [main] [                                                 ] JpaBaseConfiguration$JpaWebConfiguration : spring.jpa.open-in-view is enabled by default. Therefore, database queries may be performed during view rendering. Explicitly configure spring.jpa.open-in-view to disable this warning
2025-09-21T12:05:16.074+07:00  INFO 40826 --- [auth-service] [main] [                                                 ] DiscoveryClientOptionalArgsConfiguration : Eureka HTTP Client uses RestTemplate.
2025-09-21T12:05:16.119+07:00  WARN 40826 --- [auth-service] [main] [                                                 ] iguration$LoadBalancerCaffeineWarnLogger : Spring Cloud LoadBalancer is currently working with the default cache. While this cache implementation is useful for development and tests, it's recommended to use Caffeine cache in production.You can switch to using Caffeine cache, by adding it and org.springframework.cache.caffeine.CaffeineCacheManager to the classpath.
2025-09-21T12:05:16.141+07:00  INFO 40826 --- [auth-service] [main] [                                                 ] o.s.b.a.e.web.EndpointLinksResolver      : Exposing 18 endpoints beneath base path '/actuator'
2025-09-21T12:05:16.266+07:00  INFO 40826 --- [auth-service] [main] [                                                 ] o.s.c.n.eureka.InstanceInfoFactory       : Setting initial instance status as: STARTING
2025-09-21T12:05:16.335+07:00  INFO 40826 --- [auth-service] [main] [                                                 ] com.netflix.discovery.DiscoveryClient    : Initializing Eureka in region us-east-1
2025-09-21T12:05:16.339+07:00  INFO 40826 --- [auth-service] [main] [                                                 ] c.n.d.s.r.aws.ConfigClusterResolver      : Resolving eureka endpoints via configuration
2025-09-21T12:05:16.348+07:00  INFO 40826 --- [auth-service] [main] [                                                 ] com.netflix.discovery.DiscoveryClient    : Disable delta property : false
2025-09-21T12:05:16.348+07:00  INFO 40826 --- [auth-service] [main] [                                                 ] com.netflix.discovery.DiscoveryClient    : Single vip registry refresh property : null
2025-09-21T12:05:16.348+07:00  INFO 40826 --- [auth-service] [main] [                                                 ] com.netflix.discovery.DiscoveryClient    : Force full registry fetch : false
2025-09-21T12:05:16.349+07:00  INFO 40826 --- [auth-service] [main] [                                                 ] com.netflix.discovery.DiscoveryClient    : Application is null : false
2025-09-21T12:05:16.349+07:00  INFO 40826 --- [auth-service] [main] [                                                 ] com.netflix.discovery.DiscoveryClient    : Registered Applications size is zero : true
2025-09-21T12:05:16.350+07:00  INFO 40826 --- [auth-service] [main] [                                                 ] com.netflix.discovery.DiscoveryClient    : Application version is -1: true
2025-09-21T12:05:16.350+07:00  INFO 40826 --- [auth-service] [main] [                                                 ] com.netflix.discovery.DiscoveryClient    : Getting all instance registry info from the eureka server
2025-09-21T12:05:16.805+07:00  INFO 40826 --- [auth-service] [main] [                                                 ] com.netflix.discovery.DiscoveryClient    : The response status is 200
2025-09-21T12:05:16.812+07:00  INFO 40826 --- [auth-service] [main] [                                                 ] com.netflix.discovery.DiscoveryClient    : Starting heartbeat executor: renew interval is: 30
2025-09-21T12:05:16.817+07:00  INFO 40826 --- [auth-service] [main] [                                                 ] c.n.discovery.InstanceInfoReplicator     : InstanceInfoReplicator onDemand update allowed rate per min is 4
2025-09-21T12:05:16.822+07:00  INFO 40826 --- [auth-service] [main] [                                                 ] com.netflix.discovery.DiscoveryClient    : Discovery Client initialized at timestamp 1758431116821 with initial instances count: 3
2025-09-21T12:05:16.832+07:00  INFO 40826 --- [auth-service] [main] [                                                 ] o.s.c.n.e.s.EurekaServiceRegistry        : Registering application AUTH-SERVICE with eureka with status UP
2025-09-21T12:05:16.836+07:00  INFO 40826 --- [auth-service] [main] [                                                 ] com.netflix.discovery.DiscoveryClient    : Saw local status change event StatusChangeEvent [timestamp=1758431116836, current=UP, previous=STARTING]
2025-09-21T12:05:16.842+07:00  INFO 40826 --- [auth-service] [DiscoveryClient-InstanceInfoReplicator-%d] [                                                 ] com.netflix.discovery.DiscoveryClient    : DiscoveryClient_AUTH-SERVICE/archlinux:auth-service:8081: registering service...
2025-09-21T12:05:16.891+07:00  INFO 40826 --- [auth-service] [main] [                                                 ] o.s.b.w.embedded.tomcat.TomcatWebServer  : Tomcat started on port 8081 (http) with context path '/'
2025-09-21T12:05:16.898+07:00  INFO 40826 --- [auth-service] [main] [                                                 ] .s.c.n.e.s.EurekaAutoServiceRegistration : Updating port to 8081
2025-09-21T12:05:16.949+07:00  INFO 40826 --- [auth-service] [main] [                                                 ] c.e.a.a.AuthServiceApplication           : Started AuthServiceApplication in 11.173 seconds (process running for 12.048)
2025-09-21T12:05:16.991+07:00  INFO 40826 --- [auth-service] [DiscoveryClient-InstanceInfoReplicator-%d] [                                                 ] com.netflix.discovery.DiscoveryClient    : DiscoveryClient_AUTH-SERVICE/archlinux:auth-service:8081 - registration status: 204
2025-09-21T12:10:16.353+07:00  INFO 40826 --- [auth-service] [AsyncResolver-bootstrap-executor-%d] [                                                 ] c.n.d.s.r.aws.ConfigClusterResolver      : Resolving eureka endpoints via configuration
2025-09-21T12:11:55.157+07:00  INFO 40826 --- [auth-service] [SpringApplicationShutdownHook] [                                                 ] o.s.c.n.e.s.EurekaServiceRegistry        : Unregistering application AUTH-SERVICE with eureka with status DOWN
2025-09-21T12:11:55.157+07:00  INFO 40826 --- [auth-service] [SpringApplicationShutdownHook] [                                                 ] com.netflix.discovery.DiscoveryClient    : Saw local status change event StatusChangeEvent [timestamp=1758431515157, current=DOWN, previous=UP]
2025-09-21T12:11:55.157+07:00  INFO 40826 --- [auth-service] [DiscoveryClient-InstanceInfoReplicator-%d] [                                                 ] com.netflix.discovery.DiscoveryClient    : DiscoveryClient_AUTH-SERVICE/archlinux:auth-service:8081: registering service...
2025-09-21T12:11:55.159+07:00  INFO 40826 --- [auth-service] [SpringApplicationShutdownHook] [                                                 ] o.s.b.w.e.tomcat.GracefulShutdown        : Commencing graceful shutdown. Waiting for active requests to complete
2025-09-21T12:11:55.161+07:00  INFO 40826 --- [auth-service] [tomcat-shutdown] [                                                 ] o.s.b.w.e.tomcat.GracefulShutdown        : Graceful shutdown complete
2025-09-21T12:11:55.175+07:00  INFO 40826 --- [auth-service] [DiscoveryClient-InstanceInfoReplicator-%d] [                                                 ] com.netflix.discovery.DiscoveryClient    : DiscoveryClient_AUTH-SERVICE/archlinux:auth-service:8081 - registration status: 204
2025-09-21T12:11:55.185+07:00  INFO 40826 --- [auth-service] [SpringApplicationShutdownHook] [                                                 ] j.LocalContainerEntityManagerFactoryBean : Closing JPA EntityManagerFactory for persistence unit 'default'
2025-09-21T12:11:55.190+07:00  INFO 40826 --- [auth-service] [SpringApplicationShutdownHook] [                                                 ] com.zaxxer.hikari.HikariDataSource       : HikariPool-1 - Shutdown initiated...
2025-09-21T12:11:55.200+07:00  INFO 40826 --- [auth-service] [SpringApplicationShutdownHook] [                                                 ] com.zaxxer.hikari.HikariDataSource       : HikariPool-1 - Shutdown completed.
2025-09-21T12:11:56.065+07:00  INFO 40826 --- [auth-service] [SpringApplicationShutdownHook] [                                                 ] com.netflix.discovery.DiscoveryClient    : Shutting down DiscoveryClient ...
2025-09-21T12:11:59.066+07:00  INFO 40826 --- [auth-service] [SpringApplicationShutdownHook] [                                                 ] com.netflix.discovery.DiscoveryClient    : Unregistering ...
2025-09-21T12:11:59.072+07:00  INFO 40826 --- [auth-service] [SpringApplicationShutdownHook] [                                                 ] com.netflix.discovery.DiscoveryClient    : DiscoveryClient_AUTH-SERVICE/archlinux:auth-service:8081 - deregister  status: 200
2025-09-21T12:11:59.072+07:00  INFO 40826 --- [auth-service] [SpringApplicationShutdownHook] [                                                 ] com.netflix.discovery.DiscoveryClient    : Completed shut down of DiscoveryClient
2025-09-21T12:45:27.737+07:00  INFO 59064 --- [auth-service] [main] [                                                 ] c.e.a.a.AuthServiceApplication           : Starting AuthServiceApplication using Java 25.0.1 with PID 59064 (/home/fragile/Desktop/platform-ecom/platform-ecom-backend/auth-services/target/classes started by fragile in /home/fragile/Desktop/platform-ecom)
2025-09-21T12:45:27.743+07:00  INFO 59064 --- [auth-service] [main] [                                                 ] c.e.a.a.AuthServiceApplication           : No active profile set, falling back to 1 default profile: "default"
2025-09-21T12:45:27.784+07:00  INFO 59064 --- [auth-service] [main] [                                                 ] o.s.c.c.c.ConfigServerConfigDataLoader   : Fetching config from server at : http://localhost:8888
2025-09-21T12:45:27.784+07:00  INFO 59064 --- [auth-service] [main] [                                                 ] o.s.c.c.c.ConfigServerConfigDataLoader   : Located environment: name=auth-service, profiles=[default], label=null, version=95ff6bb01336e834c81f89c9aeff4e8da233e5e4, state=
2025-09-21T12:45:28.520+07:00  INFO 59064 --- [auth-service] [main] [                                                 ] .s.d.r.c.RepositoryConfigurationDelegate : Bootstrapping Spring Data JPA repositories in DEFAULT mode.
2025-09-21T12:45:28.613+07:00  INFO 59064 --- [auth-service] [main] [                                                 ] .s.d.r.c.RepositoryConfigurationDelegate : Finished Spring Data repository scanning in 86 ms. Found 1 JPA repository interface.
2025-09-21T12:45:28.760+07:00  INFO 59064 --- [auth-service] [main] [                                                 ] o.s.cloud.context.scope.GenericScope     : BeanFactory id=54c89296-be6a-3490-ace2-fcd8b215e6bb
2025-09-21T12:45:29.061+07:00  INFO 59064 --- [auth-service] [main] [                                                 ] o.s.b.w.embedded.tomcat.TomcatWebServer  : Tomcat initialized with port 8081 (http)
2025-09-21T12:45:29.071+07:00  INFO 59064 --- [auth-service] [main] [                                                 ] o.apache.catalina.core.StandardService   : Starting service [Tomcat]
2025-09-21T12:45:29.071+07:00  INFO 59064 --- [auth-service] [main] [                                                 ] o.apache.catalina.core.StandardEngine    : Starting Servlet engine: [Apache Tomcat/10.1.46]
2025-09-21T12:45:29.108+07:00  INFO 59064 --- [auth-service] [main] [                                                 ] o.a.c.c.C.[Tomcat].[localhost].[/]       : Initializing Spring embedded WebApplicationContext
2025-09-21T12:45:29.109+07:00  INFO 59064 --- [auth-service] [main] [                                                 ] w.s.c.ServletWebServerApplicationContext : Root WebApplicationContext: initialization completed in 1323 ms
2025-09-21T12:45:29.588+07:00  INFO 59064 --- [auth-service] [main] [                                                 ] o.hibernate.jpa.internal.util.LogHelper  : HHH000204: Processing PersistenceUnitInfo [name: default]
2025-09-21T12:45:29.633+07:00  INFO 59064 --- [auth-service] [main] [                                                 ] org.hibernate.Version                    : HHH000412: Hibernate ORM core version 6.6.29.Final
2025-09-21T12:45:29.667+07:00  INFO 59064 --- [auth-service] [main] [                                                 ] o.h.c.internal.RegionFactoryInitiator    : HHH000026: Second-level cache disabled
2025-09-21T12:45:29.858+07:00  INFO 59064 --- [auth-service] [main] [                                                 ] o.s.o.j.p.SpringPersistenceUnitInfo      : No LoadTimeWeaver setup: ignoring JPA class transformer
2025-09-21T12:45:29.878+07:00  INFO 59064 --- [auth-service] [main] [                                                 ] com.zaxxer.hikari.HikariDataSource       : HikariPool-1 - Starting...
2025-09-21T12:45:29.979+07:00  INFO 59064 --- [auth-service] [main] [                                                 ] com.zaxxer.hikari.pool.HikariPool        : HikariPool-1 - Added connection org.postgresql.jdbc.PgConnection@64d42d3d
2025-09-21T12:45:29.980+07:00  INFO 59064 --- [auth-service] [main] [                                                 ] com.zaxxer.hikari.HikariDataSource       : HikariPool-1 - Start completed.
2025-09-21T12:45:29.997+07:00  WARN 59064 --- [auth-service] [main] [                                                 ] org.hibernate.orm.deprecation            : HHH90000025: PostgreSQLDialect does not need to be specified explicitly using 'hibernate.dialect' (remove the property setting and it will be selected by default)
2025-09-21T12:45:30.009+07:00  INFO 59064 --- [auth-service] [main] [                                                 ] org.hibernate.orm.connections.pooling    : HHH10001005: Database info:
	Database JDBC URL [Connecting through datasource 'HikariDataSource (HikariPool-1)']
	Database driver: undefined/unknown
	Database version: 17.6
	Autocommit mode: undefined/unknown
	Isolation level: undefined/unknown
	Minimum pool size: undefined/unknown
	Maximum pool size: undefined/unknown
2025-09-21T12:45:30.674+07:00  INFO 59064 --- [auth-service] [main] [                                                 ] o.h.e.t.j.p.i.JtaPlatformInitiator       : HHH000489: No JTA platform available (set 'hibernate.transaction.jta.platform' to enable JTA platform integration)
2025-09-21T12:45:30.866+07:00  INFO 59064 --- [auth-service] [main] [                                                 ] j.LocalContainerEntityManagerFactoryBean : Initialized JPA EntityManagerFactory for persistence unit 'default'
2025-09-21T12:45:31.078+07:00  INFO 59064 --- [auth-service] [main] [                                                 ] o.s.d.j.r.query.QueryEnhancerFactory     : Hibernate is in classpath; If applicable, HQL parser will be used.
2025-09-21T12:45:31.412+07:00  WARN 59064 --- [auth-service] [main] [                                                 ] JpaBaseConfiguration$JpaWebConfiguration : spring.jpa.open-in-view is enabled by default. Therefore, database queries may be performed during view rendering. Explicitly configure spring.jpa.open-in-view to disable this warning
2025-09-21T12:45:31.874+07:00  INFO 59064 --- [auth-service] [main] [                                                 ] DiscoveryClientOptionalArgsConfiguration : Eureka HTTP Client uses RestTemplate.
2025-09-21T12:45:31.899+07:00  WARN 59064 --- [auth-service] [main] [                                                 ] iguration$LoadBalancerCaffeineWarnLogger : Spring Cloud LoadBalancer is currently working with the default cache. While this cache implementation is useful for development and tests, it's recommended to use Caffeine cache in production.You can switch to using Caffeine cache, by adding it and org.springframework.cache.caffeine.CaffeineCacheManager to the classpath.
2025-09-21T12:45:31.905+07:00  INFO 59064 --- [auth-service] [main] [                                                 ] o.s.b.a.e.web.EndpointLinksResolver      : Exposing 18 endpoints beneath base path '/actuator'
2025-09-21T12:45:31.964+07:00  INFO 59064 --- [auth-service] [main] [                                                 ] o.s.c.n.eureka.InstanceInfoFactory       : Setting initial instance status as: STARTING
2025-09-21T12:45:31.991+07:00  INFO 59064 --- [auth-service] [main] [                                                 ] com.netflix.discovery.DiscoveryClient    : Initializing Eureka in region us-east-1
2025-09-21T12:45:31.993+07:00  INFO 59064 --- [auth-service] [main] [                                                 ] c.n.d.s.r.aws.ConfigClusterResolver      : Resolving eureka endpoints via configuration
2025-09-21T12:45:31.998+07:00  INFO 59064 --- [auth-service] [main] [                                                 ] com.netflix.discovery.DiscoveryClient    : Disable delta property : false
2025-09-21T12:45:31.999+07:00  INFO 59064 --- [auth-service] [main] [                                                 ] com.netflix.discovery.DiscoveryClient    : Single vip registry refresh property : null
2025-09-21T12:45:31.999+07:00  INFO 59064 --- [auth-service] [main] [                                                 ] com.netflix.discovery.DiscoveryClient    : Force full registry fetch : false
2025-09-21T12:45:31.999+07:00  INFO 59064 --- [auth-service] [main] [                                                 ] com.netflix.discovery.DiscoveryClient    : Application is null : false
2025-09-21T12:45:31.999+07:00  INFO 59064 --- [auth-service] [main] [                                                 ] com.netflix.discovery.DiscoveryClient    : Registered Applications size is zero : true
2025-09-21T12:45:31.999+07:00  INFO 59064 --- [auth-service] [main] [                                                 ] com.netflix.discovery.DiscoveryClient    : Application version is -1: true
2025-09-21T12:45:31.999+07:00  INFO 59064 --- [auth-service] [main] [                                                 ] com.netflix.discovery.DiscoveryClient    : Getting all instance registry info from the eureka server
2025-09-21T12:45:32.182+07:00  INFO 59064 --- [auth-service] [main] [                                                 ] com.netflix.discovery.DiscoveryClient    : The response status is 200
2025-09-21T12:45:32.183+07:00  INFO 59064 --- [auth-service] [main] [                                                 ] com.netflix.discovery.DiscoveryClient    : Starting heartbeat executor: renew interval is: 30
2025-09-21T12:45:32.184+07:00  INFO 59064 --- [auth-service] [main] [                                                 ] c.n.discovery.InstanceInfoReplicator     : InstanceInfoReplicator onDemand update allowed rate per min is 4
2025-09-21T12:45:32.185+07:00  INFO 59064 --- [auth-service] [main] [                                                 ] com.netflix.discovery.DiscoveryClient    : Discovery Client initialized at timestamp 1758433532185 with initial instances count: 3
2025-09-21T12:45:32.187+07:00  INFO 59064 --- [auth-service] [main] [                                                 ] o.s.c.n.e.s.EurekaServiceRegistry        : Registering application AUTH-SERVICE with eureka with status UP
2025-09-21T12:45:32.188+07:00  INFO 59064 --- [auth-service] [main] [                                                 ] com.netflix.discovery.DiscoveryClient    : Saw local status change event StatusChangeEvent [timestamp=1758433532188, current=UP, previous=STARTING]
2025-09-21T12:45:32.189+07:00  INFO 59064 --- [auth-service] [DiscoveryClient-InstanceInfoReplicator-%d] [                                                 ] com.netflix.discovery.DiscoveryClient    : DiscoveryClient_AUTH-SERVICE/archlinux:auth-service:8081: registering service...
2025-09-21T12:45:32.198+07:00  INFO 59064 --- [auth-service] [main] [                                                 ] o.s.b.w.embedded.tomcat.TomcatWebServer  : Tomcat started on port 8081 (http) with context path '/'
2025-09-21T12:45:32.199+07:00  INFO 59064 --- [auth-service] [main] [                                                 ] .s.c.n.e.s.EurekaAutoServiceRegistration : Updating port to 8081
2025-09-21T12:45:32.215+07:00  INFO 59064 --- [auth-service] [DiscoveryClient-InstanceInfoReplicator-%d] [                                                 ] com.netflix.discovery.DiscoveryClient    : DiscoveryClient_AUTH-SERVICE/archlinux:auth-service:8081 - registration status: 204
2025-09-21T12:45:32.222+07:00  INFO 59064 --- [auth-service] [main] [                                                 ] c.e.a.a.AuthServiceApplication           : Started AuthServiceApplication in 6.109 seconds (process running for 6.55)
2025-09-21T12:50:32.001+07:00  INFO 59064 --- [auth-service] [AsyncResolver-bootstrap-executor-%d] [                                                 ] c.n.d.s.r.aws.ConfigClusterResolver      : Resolving eureka endpoints via configuration
2025-09-21T12:53:06.748+07:00  INFO 59064 --- [auth-service] [SpringApplicationShutdownHook] [                                                 ] o.s.c.n.e.s.EurekaServiceRegistry        : Unregistering application AUTH-SERVICE with eureka with status DOWN
2025-09-21T12:53:06.749+07:00  INFO 59064 --- [auth-service] [SpringApplicationShutdownHook] [                                                 ] com.netflix.discovery.DiscoveryClient    : Saw local status change event StatusChangeEvent [timestamp=1758433986749, current=DOWN, previous=UP]
2025-09-21T12:53:06.749+07:00  INFO 59064 --- [auth-service] [DiscoveryClient-InstanceInfoReplicator-%d] [                                                 ] com.netflix.discovery.DiscoveryClient    : DiscoveryClient_AUTH-SERVICE/archlinux:auth-service:8081: registering service...
2025-09-21T12:53:06.754+07:00  INFO 59064 --- [auth-service] [SpringApplicationShutdownHook] [                                                 ] o.s.b.w.e.tomcat.GracefulShutdown        : Commencing graceful shutdown. Waiting for active requests to complete
2025-09-21T12:53:06.760+07:00  INFO 59064 --- [auth-service] [tomcat-shutdown] [                                                 ] o.s.b.w.e.tomcat.GracefulShutdown        : Graceful shutdown complete
2025-09-21T12:53:06.790+07:00  INFO 59064 --- [auth-service] [DiscoveryClient-InstanceInfoReplicator-%d] [                                                 ] c.n.d.s.t.d.RedirectingEurekaHttpClient  : Request execution error. endpoint=DefaultEndpoint{ serviceUrl='http://localhost:8761/eureka/} exception=I/O error on POST request for "http://localhost:8761/eureka/apps/AUTH-SERVICE": localhost:8761 failed to respond stacktrace=org.springframework.web.client.ResourceAccessException: I/O error on POST request for "http://localhost:8761/eureka/apps/AUTH-SERVICE": localhost:8761 failed to respond
	at org.springframework.web.client.RestTemplate.createResourceAccessException(RestTemplate.java:926)
	at org.springframework.web.client.RestTemplate.doExecute(RestTemplate.java:906)
	at org.springframework.web.client.RestTemplate.execute(RestTemplate.java:841)
	at org.springframework.web.client.RestTemplate.exchange(RestTemplate.java:702)
	at org.springframework.cloud.netflix.eureka.http.RestTemplateEurekaHttpClient.register(RestTemplateEurekaHttpClient.java:87)
	at com.netflix.discovery.shared.transport.decorator.EurekaHttpClientDecorator$1.execute(EurekaHttpClientDecorator.java:59)
	at com.netflix.discovery.shared.transport.decorator.RedirectingEurekaHttpClient.execute(RedirectingEurekaHttpClient.java:91)
	at com.netflix.discovery.shared.transport.decorator.EurekaHttpClientDecorator.register(EurekaHttpClientDecorator.java:56)
	at com.netflix.discovery.shared.transport.decorator.EurekaHttpClientDecorator$1.execute(EurekaHttpClientDecorator.java:59)
	at com.netflix.discovery.shared.transport.decorator.RetryableEurekaHttpClient.execute(RetryableEurekaHttpClient.java:120)
	at com.netflix.discovery.shared.transport.decorator.EurekaHttpClientDecorator.register(EurekaHttpClientDecorator.java:56)
	at com.netflix.discovery.shared.transport.decorator.EurekaHttpClientDecorator$1.execute(EurekaHttpClientDecorator.java:59)
	at com.netflix.discovery.shared.transport.decorator.SessionedEurekaHttpClient.execute(SessionedEurekaHttpClient.java:76)
	at com.netflix.discovery.shared.transport.decorator.EurekaHttpClientDecorator.register(EurekaHttpClientDecorator.java:56)
	at com.netflix.discovery.DiscoveryClient.register(DiscoveryClient.java:828)
	at com.netflix.discovery.InstanceInfoReplicator.run(InstanceInfoReplicator.java:125)
	at com.netflix.discovery.InstanceInfoReplicator$2.run(InstanceInfoReplicator.java:105)
	at java.base/java.util.concurrent.Executors$RunnableAdapter.call(Executors.java:545)
	at java.base/java.util.concurrent.FutureTask.run(FutureTask.java:328)
	at java.base/java.util.concurrent.ScheduledThreadPoolExecutor$ScheduledFutureTask.run(ScheduledThreadPoolExecutor.java:309)
	at java.base/java.util.concurrent.ThreadPoolExecutor.runWorker(ThreadPoolExecutor.java:1090)
	at java.base/java.util.concurrent.ThreadPoolExecutor$Worker.run(ThreadPoolExecutor.java:614)
	at java.base/java.lang.Thread.run(Thread.java:1474)
Caused by: org.apache.hc.core5.http.NoHttpResponseException: localhost:8761 failed to respond
	at org.apache.hc.core5.http.impl.io.DefaultBHttpClientConnection.receiveResponseHeader(DefaultBHttpClientConnection.java:333)
	at org.apache.hc.core5.http.impl.io.HttpRequestExecutor.execute(HttpRequestExecutor.java:196)
	at org.apache.hc.client5.http.impl.classic.InternalExecRuntime.lambda$execute$0(InternalExecRuntime.java:236)
	at org.apache.hc.client5.http.impl.io.PoolingHttpClientConnectionManager$InternalConnectionEndpoint.execute(PoolingHttpClientConnectionManager.java:791)
	at org.apache.hc.client5.http.impl.classic.InternalExecRuntime.execute(InternalExecRuntime.java:233)
	at org.apache.hc.client5.http.impl.classic.MainClientExec.execute(MainClientExec.java:120)
	at org.apache.hc.client5.http.impl.classic.ExecChainElement.execute(ExecChainElement.java:51)
	at org.apache.hc.client5.http.impl.classic.ConnectExec.execute(ConnectExec.java:200)
	at org.apache.hc.client5.http.impl.classic.ExecChainElement.execute(ExecChainElement.java:51)
	at org.apache.hc.client5.http.impl.classic.ProtocolExec.execute(ProtocolExec.java:195)
	at org.apache.hc.client5.http.impl.classic.ExecChainElement.execute(ExecChainElement.java:51)
	at org.apache.hc.client5.http.impl.classic.ContentCompressionExec.execute(ContentCompressionExec.java:150)
	at org.apache.hc.client5.http.impl.classic.ExecChainElement.execute(ExecChainElement.java:51)
	at org.apache.hc.client5.http.impl.classic.HttpRequestRetryExec.execute(HttpRequestRetryExec.java:113)
	at org.apache.hc.client5.http.impl.classic.ExecChainElement.execute(ExecChainElement.java:51)
	at org.apache.hc.client5.http.impl.classic.RedirectExec.execute(RedirectExec.java:110)
	at org.apache.hc.client5.http.impl.classic.ExecChainElement.execute(ExecChainElement.java:51)
	at org.apache.hc.client5.http.impl.classic.InternalHttpClient.doExecute(InternalHttpClient.java:185)
	at org.apache.hc.client5.http.impl.classic.CloseableHttpClient.execute(CloseableHttpClient.java:87)
	at org.apache.hc.client5.http.impl.classic.CloseableHttpClient.execute(CloseableHttpClient.java:55)
	at org.apache.hc.client5.http.classic.HttpClient.executeOpen(HttpClient.java:183)
	at org.springframework.http.client.HttpComponentsClientHttpRequest.executeInternal(HttpComponentsClientHttpRequest.java:99)
	at org.springframework.http.client.AbstractStreamingClientHttpRequest.executeInternal(AbstractStreamingClientHttpRequest.java:71)
	at org.springframework.http.client.AbstractClientHttpRequest.execute(AbstractClientHttpRequest.java:81)
	at org.springframework.http.client.InterceptingClientHttpRequest$InterceptingRequestExecution.execute(InterceptingClientHttpRequest.java:117)
	at org.springframework.cloud.netflix.eureka.http.RestTemplateTransportClientFactory.lambda$restTemplate$2(RestTemplateTransportClientFactory.java:145)
	at org.springframework.http.client.InterceptingClientHttpRequest$InterceptingRequestExecution.execute(InterceptingClientHttpRequest.java:88)
	at org.springframework.http.client.InterceptingClientHttpRequest.executeInternal(InterceptingClientHttpRequest.java:72)
	at org.springframework.http.client.AbstractBufferingClientHttpRequest.executeInternal(AbstractBufferingClientHttpRequest.java:48)
	at org.springframework.http.client.AbstractClientHttpRequest.execute(AbstractClientHttpRequest.java:81)
	at org.springframework.web.client.RestTemplate.doExecute(RestTemplate.java:900)
	... 21 more

2025-09-21T12:53:06.791+07:00  WARN 59064 --- [auth-service] [DiscoveryClient-InstanceInfoReplicator-%d] [                                                 ] c.n.d.s.t.d.RetryableEurekaHttpClient    : Request execution failed with message: I/O error on POST request for "http://localhost:8761/eureka/apps/AUTH-SERVICE": localhost:8761 failed to respond
2025-09-21T12:53:06.842+07:00  INFO 59064 --- [auth-service] [SpringApplicationShutdownHook] [                                                 ] j.LocalContainerEntityManagerFactoryBean : Closing JPA EntityManagerFactory for persistence unit 'default'
2025-09-21T12:53:06.844+07:00  INFO 59064 --- [auth-service] [SpringApplicationShutdownHook] [                                                 ] com.zaxxer.hikari.HikariDataSource       : HikariPool-1 - Shutdown initiated...
2025-09-21T12:53:06.847+07:00  INFO 59064 --- [auth-service] [SpringApplicationShutdownHook] [                                                 ] com.zaxxer.hikari.HikariDataSource       : HikariPool-1 - Shutdown completed.
2025-09-21T12:53:07.851+07:00  INFO 59064 --- [auth-service] [SpringApplicationShutdownHook] [                                                 ] com.netflix.discovery.DiscoveryClient    : Shutting down DiscoveryClient ...
2025-09-21T12:53:10.576+07:00  INFO 59064 --- [auth-service] [DiscoveryClient-InstanceInfoReplicator-%d] [                                                 ] c.n.d.s.t.d.RedirectingEurekaHttpClient  : Request execution error. endpoint=DefaultEndpoint{ serviceUrl='http://localhost:8761/eureka/}, exception=I/O error on POST request for "http://localhost:8761/eureka/apps/AUTH-SERVICE": Connection reset stacktrace=org.springframework.web.client.ResourceAccessException: I/O error on POST request for "http://localhost:8761/eureka/apps/AUTH-SERVICE": Connection reset
	at org.springframework.web.client.RestTemplate.createResourceAccessException(RestTemplate.java:926)
	at org.springframework.web.client.RestTemplate.doExecute(RestTemplate.java:906)
	at org.springframework.web.client.RestTemplate.execute(RestTemplate.java:841)
	at org.springframework.web.client.RestTemplate.exchange(RestTemplate.java:702)
	at org.springframework.cloud.netflix.eureka.http.RestTemplateEurekaHttpClient.register(RestTemplateEurekaHttpClient.java:87)
	at com.netflix.discovery.shared.transport.decorator.EurekaHttpClientDecorator$1.execute(EurekaHttpClientDecorator.java:59)
	at com.netflix.discovery.shared.transport.decorator.RedirectingEurekaHttpClient.executeOnNewServer(RedirectingEurekaHttpClient.java:121)
	at com.netflix.discovery.shared.transport.decorator.RedirectingEurekaHttpClient.execute(RedirectingEurekaHttpClient.java:80)
	at com.netflix.discovery.shared.transport.decorator.EurekaHttpClientDecorator.register(EurekaHttpClientDecorator.java:56)
	at com.netflix.discovery.shared.transport.decorator.EurekaHttpClientDecorator$1.execute(EurekaHttpClientDecorator.java:59)
	at com.netflix.discovery.shared.transport.decorator.RetryableEurekaHttpClient.execute(RetryableEurekaHttpClient.java:120)
	at com.netflix.discovery.shared.transport.decorator.EurekaHttpClientDecorator.register(EurekaHttpClientDecorator.java:56)
	at com.netflix.discovery.shared.transport.decorator.EurekaHttpClientDecorator$1.execute(EurekaHttpClientDecorator.java:59)
	at com.netflix.discovery.shared.transport.decorator.SessionedEurekaHttpClient.execute(SessionedEurekaHttpClient.java:76)
	at com.netflix.discovery.shared.transport.decorator.EurekaHttpClientDecorator.register(EurekaHttpClientDecorator.java:56)
	at com.netflix.discovery.DiscoveryClient.register(DiscoveryClient.java:828)
	at com.netflix.discovery.InstanceInfoReplicator.run(InstanceInfoReplicator.java:125)
	at com.netflix.discovery.InstanceInfoReplicator$2.run(InstanceInfoReplicator.java:105)
	at java.base/java.util.concurrent.Executors$RunnableAdapter.call(Executors.java:545)
	at java.base/java.util.concurrent.FutureTask.run(FutureTask.java:328)
	at java.base/java.util.concurrent.ScheduledThreadPoolExecutor$ScheduledFutureTask.run(ScheduledThreadPoolExecutor.java:309)
	at java.base/java.util.concurrent.ThreadPoolExecutor.runWorker(ThreadPoolExecutor.java:1090)
	at java.base/java.util.concurrent.ThreadPoolExecutor$Worker.run(ThreadPoolExecutor.java:614)
	at java.base/java.lang.Thread.run(Thread.java:1474)
Caused by: java.net.SocketException: Connection reset
	at java.base/sun.nio.ch.NioSocketImpl.implRead(NioSocketImpl.java:316)
	at java.base/sun.nio.ch.NioSocketImpl.read(NioSocketImpl.java:354)
	at java.base/sun.nio.ch.NioSocketImpl$1.read(NioSocketImpl.java:798)
	at java.base/java.net.Socket$SocketInputStream.implRead(Socket.java:974)
	at java.base/java.net.Socket$SocketInputStream.read(Socket.java:964)
	at org.apache.hc.core5.http.impl.io.SessionInputBufferImpl.fillBuffer(SessionInputBufferImpl.java:149)
	at org.apache.hc.core5.http.impl.io.SessionInputBufferImpl.readLine(SessionInputBufferImpl.java:280)
	at org.apache.hc.core5.http.impl.io.AbstractMessageParser.parse(AbstractMessageParser.java:250)
	at org.apache.hc.core5.http.impl.io.AbstractMessageParser.parse(AbstractMessageParser.java:56)
	at org.apache.hc.core5.http.impl.io.DefaultBHttpClientConnection.receiveResponseHeader(DefaultBHttpClientConnection.java:331)
	at org.apache.hc.core5.http.impl.io.HttpRequestExecutor.execute(HttpRequestExecutor.java:196)
	at org.apache.hc.client5.http.impl.classic.InternalExecRuntime.lambda$execute$0(InternalExecRuntime.java:236)
	at org.apache.hc.client5.http.impl.io.PoolingHttpClientConnectionManager$InternalConnectionEndpoint.execute(PoolingHttpClientConnectionManager.java:791)
	at org.apache.hc.client5.http.impl.classic.InternalExecRuntime.execute(InternalExecRuntime.java:233)
	at org.apache.hc.client5.http.impl.classic.MainClientExec.execute(MainClientExec.java:120)
	at org.apache.hc.client5.http.impl.classic.ExecChainElement.execute(ExecChainElement.java:51)
	at org.apache.hc.client5.http.impl.classic.ConnectExec.execute(ConnectExec.java:200)
	at org.apache.hc.client5.http.impl.classic.ExecChainElement.execute(ExecChainElement.java:51)
	at org.apache.hc.client5.http.impl.classic.ProtocolExec.execute(ProtocolExec.java:195)
	at org.apache.hc.client5.http.impl.classic.ExecChainElement.execute(ExecChainElement.java:51)
	at org.apache.hc.client5.http.impl.classic.ContentCompressionExec.execute(ContentCompressionExec.java:150)
	at org.apache.hc.client5.http.impl.classic.ExecChainElement.execute(ExecChainElement.java:51)
	at org.apache.hc.client5.http.impl.classic.HttpRequestRetryExec.execute(HttpRequestRetryExec.java:113)
	at org.apache.hc.client5.http.impl.classic.ExecChainElement.execute(ExecChainElement.java:51)
	at org.apache.hc.client5.http.impl.classic.RedirectExec.execute(RedirectExec.java:110)
	at org.apache.hc.client5.http.impl.classic.ExecChainElement.execute(ExecChainElement.java:51)
	at org.apache.hc.client5.http.impl.classic.InternalHttpClient.doExecute(InternalHttpClient.java:185)
	at org.apache.hc.client5.http.impl.classic.CloseableHttpClient.execute(CloseableHttpClient.java:87)
	at org.apache.hc.client5.http.impl.classic.CloseableHttpClient.execute(CloseableHttpClient.java:55)
	at org.apache.hc.client5.http.classic.HttpClient.executeOpen(HttpClient.java:183)
	at org.springframework.http.client.HttpComponentsClientHttpRequest.executeInternal(HttpComponentsClientHttpRequest.java:99)
	at org.springframework.http.client.AbstractStreamingClientHttpRequest.executeInternal(AbstractStreamingClientHttpRequest.java:71)
	at org.springframework.http.client.AbstractClientHttpRequest.execute(AbstractClientHttpRequest.java:81)
	at org.springframework.http.client.InterceptingClientHttpRequest$InterceptingRequestExecution.execute(InterceptingClientHttpRequest.java:117)
	at org.springframework.cloud.netflix.eureka.http.RestTemplateTransportClientFactory.lambda$restTemplate$2(RestTemplateTransportClientFactory.java:145)
	at org.springframework.http.client.InterceptingClientHttpRequest$InterceptingRequestExecution.execute(InterceptingClientHttpRequest.java:88)
	at org.springframework.http.client.InterceptingClientHttpRequest.executeInternal(InterceptingClientHttpRequest.java:72)
	at org.springframework.http.client.AbstractBufferingClientHttpRequest.executeInternal(AbstractBufferingClientHttpRequest.java:48)
	at org.springframework.http.client.AbstractClientHttpRequest.execute(AbstractClientHttpRequest.java:81)
	at org.springframework.web.client.RestTemplate.doExecute(RestTemplate.java:900)
	... 22 more

2025-09-21T12:53:10.577+07:00  WARN 59064 --- [auth-service] [DiscoveryClient-InstanceInfoReplicator-%d] [                                                 ] c.n.d.s.t.d.RetryableEurekaHttpClient    : Request execution failed with message: I/O error on POST request for "http://localhost:8761/eureka/apps/AUTH-SERVICE": Connection reset
2025-09-21T12:53:10.577+07:00  WARN 59064 --- [auth-service] [DiscoveryClient-InstanceInfoReplicator-%d] [                                                 ] com.netflix.discovery.DiscoveryClient    : DiscoveryClient_AUTH-SERVICE/archlinux:auth-service:8081 - registration failed Cannot execute request on any known server

com.netflix.discovery.shared.transport.TransportException: Cannot execute request on any known server
	at com.netflix.discovery.shared.transport.decorator.RetryableEurekaHttpClient.execute(RetryableEurekaHttpClient.java:112) ~[eureka-client-2.0.4.jar:2.0.4]
	at com.netflix.discovery.shared.transport.decorator.EurekaHttpClientDecorator.register(EurekaHttpClientDecorator.java:56) ~[eureka-client-2.0.4.jar:2.0.4]
	at com.netflix.discovery.shared.transport.decorator.EurekaHttpClientDecorator$1.execute(EurekaHttpClientDecorator.java:59) ~[eureka-client-2.0.4.jar:2.0.4]
	at com.netflix.discovery.shared.transport.decorator.SessionedEurekaHttpClient.execute(SessionedEurekaHttpClient.java:76) ~[eureka-client-2.0.4.jar:2.0.4]
	at com.netflix.discovery.shared.transport.decorator.EurekaHttpClientDecorator.register(EurekaHttpClientDecorator.java:56) ~[eureka-client-2.0.4.jar:2.0.4]
	at com.netflix.discovery.DiscoveryClient.register(DiscoveryClient.java:828) ~[eureka-client-2.0.4.jar:2.0.4]
	at com.netflix.discovery.InstanceInfoReplicator.run(InstanceInfoReplicator.java:125) ~[eureka-client-2.0.4.jar:2.0.4]
	at com.netflix.discovery.InstanceInfoReplicator$2.run(InstanceInfoReplicator.java:105) ~[eureka-client-2.0.4.jar:2.0.4]
	at java.base/java.util.concurrent.Executors$RunnableAdapter.call(Executors.java:545) ~[na:na]
	at java.base/java.util.concurrent.FutureTask.run(FutureTask.java:328) ~[na:na]
	at java.base/java.util.concurrent.ScheduledThreadPoolExecutor$ScheduledFutureTask.run(ScheduledThreadPoolExecutor.java:309) ~[na:na]
	at java.base/java.util.concurrent.ThreadPoolExecutor.runWorker(ThreadPoolExecutor.java:1090) ~[na:na]
	at java.base/java.util.concurrent.ThreadPoolExecutor$Worker.run(ThreadPoolExecutor.java:614) ~[na:na]
	at java.base/java.lang.Thread.run(Thread.java:1474) ~[na:na]

2025-09-21T12:53:10.580+07:00  WARN 59064 --- [auth-service] [DiscoveryClient-InstanceInfoReplicator-%d] [                                                 ] c.n.discovery.InstanceInfoReplicator     : There was a problem with the instance info replicator

com.netflix.discovery.shared.transport.TransportException: Cannot execute request on any known server
	at com.netflix.discovery.shared.transport.decorator.RetryableEurekaHttpClient.execute(RetryableEurekaHttpClient.java:112) ~[eureka-client-2.0.4.jar:2.0.4]
	at com.netflix.discovery.shared.transport.decorator.EurekaHttpClientDecorator.register(EurekaHttpClientDecorator.java:56) ~[eureka-client-2.0.4.jar:2.0.4]
	at com.netflix.discovery.shared.transport.decorator.EurekaHttpClientDecorator$1.execute(EurekaHttpClientDecorator.java:59) ~[eureka-client-2.0.4.jar:2.0.4]
	at com.netflix.discovery.shared.transport.decorator.SessionedEurekaHttpClient.execute(SessionedEurekaHttpClient.java:76) ~[eureka-client-2.0.4.jar:2.0.4]
	at com.netflix.discovery.shared.transport.decorator.EurekaHttpClientDecorator.register(EurekaHttpClientDecorator.java:56) ~[eureka-client-2.0.4.jar:2.0.4]
	at com.netflix.discovery.DiscoveryClient.register(DiscoveryClient.java:828) ~[eureka-client-2.0.4.jar:2.0.4]
	at com.netflix.discovery.InstanceInfoReplicator.run(InstanceInfoReplicator.java:125) ~[eureka-client-2.0.4.jar:2.0.4]
	at com.netflix.discovery.InstanceInfoReplicator$2.run(InstanceInfoReplicator.java:105) ~[eureka-client-2.0.4.jar:2.0.4]
	at java.base/java.util.concurrent.Executors$RunnableAdapter.call(Executors.java:545) ~[na:na]
	at java.base/java.util.concurrent.FutureTask.run(FutureTask.java:328) ~[na:na]
	at java.base/java.util.concurrent.ScheduledThreadPoolExecutor$ScheduledFutureTask.run(ScheduledThreadPoolExecutor.java:309) ~[na:na]
	at java.base/java.util.concurrent.ThreadPoolExecutor.runWorker(ThreadPoolExecutor.java:1090) ~[na:na]
	at java.base/java.util.concurrent.ThreadPoolExecutor$Worker.run(ThreadPoolExecutor.java:614) ~[na:na]
	at java.base/java.lang.Thread.run(Thread.java:1474) ~[na:na]

2025-09-21T12:53:10.580+07:00  INFO 59064 --- [auth-service] [SpringApplicationShutdownHook] [                                                 ] com.netflix.discovery.DiscoveryClient    : Unregistering ...
2025-09-21T12:53:10.591+07:00  INFO 59064 --- [auth-service] [SpringApplicationShutdownHook] [                                                 ] c.n.d.s.t.d.RedirectingEurekaHttpClient  : Request execution error. endpoint=DefaultEndpoint{ serviceUrl='http://localhost:8761/eureka/}, exception=I/O error on DELETE request for "http://localhost:8761/eureka/apps/AUTH-SERVICE/archlinux:auth-service:8081": Connect to http://localhost:8761 failed: Connection refused stacktrace=org.springframework.web.client.ResourceAccessException: I/O error on DELETE request for "http://localhost:8761/eureka/apps/AUTH-SERVICE/archlinux:auth-service:8081": Connect to http://localhost:8761 failed: Connection refused
	at org.springframework.web.client.RestTemplate.createResourceAccessException(RestTemplate.java:926)
	at org.springframework.web.client.RestTemplate.doExecute(RestTemplate.java:906)
	at org.springframework.web.client.RestTemplate.execute(RestTemplate.java:841)
	at org.springframework.web.client.RestTemplate.exchange(RestTemplate.java:702)
	at org.springframework.cloud.netflix.eureka.http.RestTemplateEurekaHttpClient.cancel(RestTemplateEurekaHttpClient.java:100)
	at com.netflix.discovery.shared.transport.decorator.EurekaHttpClientDecorator$2.execute(EurekaHttpClientDecorator.java:74)
	at com.netflix.discovery.shared.transport.decorator.RedirectingEurekaHttpClient.executeOnNewServer(RedirectingEurekaHttpClient.java:121)
	at com.netflix.discovery.shared.transport.decorator.RedirectingEurekaHttpClient.execute(RedirectingEurekaHttpClient.java:80)
	at com.netflix.discovery.shared.transport.decorator.EurekaHttpClientDecorator.cancel(EurekaHttpClientDecorator.java:71)
	at com.netflix.discovery.shared.transport.decorator.EurekaHttpClientDecorator$2.execute(EurekaHttpClientDecorator.java:74)
	at com.netflix.discovery.shared.transport.decorator.RetryableEurekaHttpClient.execute(RetryableEurekaHttpClient.java:120)
	at com.netflix.discovery.shared.transport.decorator.EurekaHttpClientDecorator.cancel(EurekaHttpClientDecorator.java:71)
	at com.netflix.discovery.shared.transport.decorator.EurekaHttpClientDecorator$2.execute(EurekaHttpClientDecorator.java:74)
	at com.netflix.discovery.shared.transport.decorator.SessionedEurekaHttpClient.execute(SessionedEurekaHttpClient.java:76)
	at com.netflix.discovery.shared.transport.decorator.EurekaHttpClientDecorator.cancel(EurekaHttpClientDecorator.java:71)
	at com.netflix.discovery.DiscoveryClient.unregister(DiscoveryClient.java:919)
	at com.netflix.discovery.DiscoveryClient.shutdown(DiscoveryClient.java:900)
	at java.base/jdk.internal.reflect.DirectMethodHandleAccessor.invoke(DirectMethodHandleAccessor.java:104)
	at java.base/java.lang.reflect.Method.invoke(Method.java:565)
	at org.springframework.beans.factory.annotation.InitDestroyAnnotationBeanPostProcessor$LifecycleMethod.invoke(InitDestroyAnnotationBeanPostProcessor.java:457)
	at org.springframework.beans.factory.annotation.InitDestroyAnnotationBeanPostProcessor$LifecycleMetadata.invokeDestroyMethods(InitDestroyAnnotationBeanPostProcessor.java:415)
	at org.springframework.beans.factory.annotation.InitDestroyAnnotationBeanPostProcessor.postProcessBeforeDestruction(InitDestroyAnnotationBeanPostProcessor.java:239)
	at org.springframework.beans.factory.support.DisposableBeanAdapter.destroy(DisposableBeanAdapter.java:203)
	at org.springframework.beans.factory.support.DisposableBeanAdapter.run(DisposableBeanAdapter.java:196)
	at org.springframework.cloud.context.scope.GenericScope$BeanLifecycleWrapper.destroy(GenericScope.java:387)
	at org.springframework.cloud.context.scope.GenericScope.destroy(GenericScope.java:134)
	at org.springframework.beans.factory.support.DisposableBeanAdapter.destroy(DisposableBeanAdapter.java:212)
	at org.springframework.beans.factory.support.DefaultSingletonBeanRegistry.destroyBean(DefaultSingletonBeanRegistry.java:798)
	at org.springframework.beans.factory.support.DefaultSingletonBeanRegistry.destroySingleton(DefaultSingletonBeanRegistry.java:748)
	at org.springframework.beans.factory.support.DefaultListableBeanFactory.destroySingleton(DefaultListableBeanFactory.java:1489)
	at org.springframework.beans.factory.support.DefaultSingletonBeanRegistry.destroySingletons(DefaultSingletonBeanRegistry.java:707)
	at org.springframework.beans.factory.support.DefaultListableBeanFactory.destroySingletons(DefaultListableBeanFactory.java:1482)
	at org.springframework.context.support.AbstractApplicationContext.destroyBeans(AbstractApplicationContext.java:1219)
	at org.springframework.context.support.AbstractApplicationContext.doClose(AbstractApplicationContext.java:1180)
	at org.springframework.boot.web.servlet.context.ServletWebServerApplicationContext.doClose(ServletWebServerApplicationContext.java:179)
	at org.springframework.context.support.AbstractApplicationContext.close(AbstractApplicationContext.java:1126)
	at org.springframework.boot.SpringApplicationShutdownHook.closeAndWait(SpringApplicationShutdownHook.java:147)
	at java.base/java.lang.Iterable.forEach(Iterable.java:75)
	at org.springframework.boot.SpringApplicationShutdownHook.run(SpringApplicationShutdownHook.java:116)
	at java.base/java.lang.Thread.run(Thread.java:1474)
Caused by: org.apache.hc.client5.http.HttpHostConnectException: Connect to http://localhost:8761 failed: Connection refused
	at java.base/sun.nio.ch.Net.pollConnect(Native Method)
	at java.base/sun.nio.ch.Net.pollConnectNow(Net.java:639)
	at java.base/sun.nio.ch.NioSocketImpl.timedFinishConnect(NioSocketImpl.java:543)
	at java.base/sun.nio.ch.NioSocketImpl.connect(NioSocketImpl.java:594)
	at java.base/java.net.SocksSocketImpl.connect(SocksSocketImpl.java:284)
	at java.base/java.net.Socket.connect(Socket.java:659)
	at org.apache.hc.client5.http.impl.io.DefaultHttpClientConnectionOperator.connect(DefaultHttpClientConnectionOperator.java:205)
	at org.apache.hc.client5.http.impl.io.PoolingHttpClientConnectionManager.connect(PoolingHttpClientConnectionManager.java:490)
	at org.apache.hc.client5.http.impl.classic.InternalExecRuntime.connectEndpoint(InternalExecRuntime.java:164)
	at org.apache.hc.client5.http.impl.classic.InternalExecRuntime.connectEndpoint(InternalExecRuntime.java:174)
	at org.apache.hc.client5.http.impl.classic.ConnectExec.execute(ConnectExec.java:144)
	at org.apache.hc.client5.http.impl.classic.ExecChainElement.execute(ExecChainElement.java:51)
	at org.apache.hc.client5.http.impl.classic.ProtocolExec.execute(ProtocolExec.java:195)
	at org.apache.hc.client5.http.impl.classic.ExecChainElement.execute(ExecChainElement.java:51)
	at org.apache.hc.client5.http.impl.classic.ContentCompressionExec.execute(ContentCompressionExec.java:150)
	at org.apache.hc.client5.http.impl.classic.ExecChainElement.execute(ExecChainElement.java:51)
	at org.apache.hc.client5.http.impl.classic.HttpRequestRetryExec.execute(HttpRequestRetryExec.java:113)
	at org.apache.hc.client5.http.impl.classic.ExecChainElement.execute(ExecChainElement.java:51)
	at org.apache.hc.client5.http.impl.classic.RedirectExec.execute(RedirectExec.java:110)
	at org.apache.hc.client5.http.impl.classic.ExecChainElement.execute(ExecChainElement.java:51)
	at org.apache.hc.client5.http.impl.classic.InternalHttpClient.doExecute(InternalHttpClient.java:185)
	at org.apache.hc.client5.http.impl.classic.CloseableHttpClient.execute(CloseableHttpClient.java:87)
	at org.apache.hc.client5.http.impl.classic.CloseableHttpClient.execute(CloseableHttpClient.java:55)
	at org.apache.hc.client5.http.classic.HttpClient.executeOpen(HttpClient.java:183)
	at org.springframework.http.client.HttpComponentsClientHttpRequest.executeInternal(HttpComponentsClientHttpRequest.java:99)
	at org.springframework.http.client.AbstractStreamingClientHttpRequest.executeInternal(AbstractStreamingClientHttpRequest.java:71)
	at org.springframework.http.client.AbstractClientHttpRequest.execute(AbstractClientHttpRequest.java:81)
	at org.springframework.http.client.InterceptingClientHttpRequest$InterceptingRequestExecution.execute(InterceptingClientHttpRequest.java:117)
	at org.springframework.cloud.netflix.eureka.http.RestTemplateTransportClientFactory.lambda$restTemplate$2(RestTemplateTransportClientFactory.java:145)
	at org.springframework.http.client.InterceptingClientHttpRequest$InterceptingRequestExecution.execute(InterceptingClientHttpRequest.java:88)
	at org.springframework.http.client.InterceptingClientHttpRequest.executeInternal(InterceptingClientHttpRequest.java:72)
	at org.springframework.http.client.AbstractBufferingClientHttpRequest.executeInternal(AbstractBufferingClientHttpRequest.java:48)
	at org.springframework.http.client.AbstractClientHttpRequest.execute(AbstractClientHttpRequest.java:81)
	at org.springframework.web.client.RestTemplate.doExecute(RestTemplate.java:900)
	... 38 more

2025-09-21T12:53:10.592+07:00  WARN 59064 --- [auth-service] [SpringApplicationShutdownHook] [                                                 ] c.n.d.s.t.d.RetryableEurekaHttpClient    : Request execution failed with message: I/O error on DELETE request for "http://localhost:8761/eureka/apps/AUTH-SERVICE/archlinux:auth-service:8081": Connect to http://localhost:8761 failed: Connection refused
2025-09-21T12:53:10.592+07:00 ERROR 59064 --- [auth-service] [SpringApplicationShutdownHook] [                                                 ] com.netflix.discovery.DiscoveryClient    : DiscoveryClient_AUTH-SERVICE/archlinux:auth-service:8081 - de-registration failedCannot execute request on any known server

com.netflix.discovery.shared.transport.TransportException: Cannot execute request on any known server
	at com.netflix.discovery.shared.transport.decorator.RetryableEurekaHttpClient.execute(RetryableEurekaHttpClient.java:112) ~[eureka-client-2.0.4.jar:2.0.4]
	at com.netflix.discovery.shared.transport.decorator.EurekaHttpClientDecorator.cancel(EurekaHttpClientDecorator.java:71) ~[eureka-client-2.0.4.jar:2.0.4]
	at com.netflix.discovery.shared.transport.decorator.EurekaHttpClientDecorator$2.execute(EurekaHttpClientDecorator.java:74) ~[eureka-client-2.0.4.jar:2.0.4]
	at com.netflix.discovery.shared.transport.decorator.SessionedEurekaHttpClient.execute(SessionedEurekaHttpClient.java:76) ~[eureka-client-2.0.4.jar:2.0.4]
	at com.netflix.discovery.shared.transport.decorator.EurekaHttpClientDecorator.cancel(EurekaHttpClientDecorator.java:71) ~[eureka-client-2.0.4.jar:2.0.4]
	at com.netflix.discovery.DiscoveryClient.unregister(DiscoveryClient.java:919) ~[eureka-client-2.0.4.jar:2.0.4]
	at com.netflix.discovery.DiscoveryClient.shutdown(DiscoveryClient.java:900) ~[eureka-client-2.0.4.jar:2.0.4]
	at java.base/jdk.internal.reflect.DirectMethodHandleAccessor.invoke(DirectMethodHandleAccessor.java:104) ~[na:na]
	at java.base/java.lang.reflect.Method.invoke(Method.java:565) ~[na:na]
	at org.springframework.beans.factory.annotation.InitDestroyAnnotationBeanPostProcessor$LifecycleMethod.invoke(InitDestroyAnnotationBeanPostProcessor.java:457) ~[spring-beans-6.2.11.jar:6.2.11]
	at org.springframework.beans.factory.annotation.InitDestroyAnnotationBeanPostProcessor$LifecycleMetadata.invokeDestroyMethods(InitDestroyAnnotationBeanPostProcessor.java:415) ~[spring-beans-6.2.11.jar:6.2.11]
	at org.springframework.beans.factory.annotation.InitDestroyAnnotationBeanPostProcessor.postProcessBeforeDestruction(InitDestroyAnnotationBeanPostProcessor.java:239) ~[spring-beans-6.2.11.jar:6.2.11]
	at org.springframework.beans.factory.support.DisposableBeanAdapter.destroy(DisposableBeanAdapter.java:203) ~[spring-beans-6.2.11.jar:6.2.11]
	at org.springframework.beans.factory.support.DisposableBeanAdapter.run(DisposableBeanAdapter.java:196) ~[spring-beans-6.2.11.jar:6.2.11]
	at org.springframework.cloud.context.scope.GenericScope$BeanLifecycleWrapper.destroy(GenericScope.java:387) ~[spring-cloud-context-4.3.0.jar:4.3.0]
	at org.springframework.cloud.context.scope.GenericScope.destroy(GenericScope.java:134) ~[spring-cloud-context-4.3.0.jar:4.3.0]
	at org.springframework.beans.factory.support.DisposableBeanAdapter.destroy(DisposableBeanAdapter.java:212) ~[spring-beans-6.2.11.jar:6.2.11]
	at org.springframework.beans.factory.support.DefaultSingletonBeanRegistry.destroyBean(DefaultSingletonBeanRegistry.java:798) ~[spring-beans-6.2.11.jar:6.2.11]
	at org.springframework.beans.factory.support.DefaultSingletonBeanRegistry.destroySingleton(DefaultSingletonBeanRegistry.java:748) ~[spring-beans-6.2.11.jar:6.2.11]
	at org.springframework.beans.factory.support.DefaultListableBeanFactory.destroySingleton(DefaultListableBeanFactory.java:1489) ~[spring-beans-6.2.11.jar:6.2.11]
	at org.springframework.beans.factory.support.DefaultSingletonBeanRegistry.destroySingletons(DefaultSingletonBeanRegistry.java:707) ~[spring-beans-6.2.11.jar:6.2.11]
	at org.springframework.beans.factory.support.DefaultListableBeanFactory.destroySingletons(DefaultListableBeanFactory.java:1482) ~[spring-beans-6.2.11.jar:6.2.11]
	at org.springframework.context.support.AbstractApplicationContext.destroyBeans(AbstractApplicationContext.java:1219) ~[spring-context-6.2.11.jar:6.2.11]
	at org.springframework.context.support.AbstractApplicationContext.doClose(AbstractApplicationContext.java:1180) ~[spring-context-6.2.11.jar:6.2.11]
	at org.springframework.boot.web.servlet.context.ServletWebServerApplicationContext.doClose(ServletWebServerApplicationContext.java:179) ~[spring-boot-3.5.6.jar:3.5.6]
	at org.springframework.context.support.AbstractApplicationContext.close(AbstractApplicationContext.java:1126) ~[spring-context-6.2.11.jar:6.2.11]
	at org.springframework.boot.SpringApplicationShutdownHook.closeAndWait(SpringApplicationShutdownHook.java:147) ~[spring-boot-3.5.6.jar:3.5.6]
	at java.base/java.lang.Iterable.forEach(Iterable.java:75) ~[na:na]
	at org.springframework.boot.SpringApplicationShutdownHook.run(SpringApplicationShutdownHook.java:116) ~[spring-boot-3.5.6.jar:3.5.6]
	at java.base/java.lang.Thread.run(Thread.java:1474) ~[na:na]

2025-09-21T12:53:10.595+07:00  INFO 59064 --- [auth-service] [SpringApplicationShutdownHook] [                                                 ] com.netflix.discovery.DiscoveryClient    : Completed shut down of DiscoveryClient
2025-09-21T13:30:16.884+07:00  INFO 12427 --- [auth-service] [main] [                                                 ] c.e.a.a.AuthServiceApplication           : Starting AuthServiceApplication using Java 25.0.1 with PID 12427 (/home/fragile/Desktop/platform-ecom/platform-ecom-backend/auth-services/target/classes started by fragile in /home/fragile/Desktop/platform-ecom)
2025-09-21T13:30:16.887+07:00  INFO 12427 --- [auth-service] [main] [                                                 ] c.e.a.a.AuthServiceApplication           : No active profile set, falling back to 1 default profile: "default"
2025-09-21T13:30:16.926+07:00  INFO 12427 --- [auth-service] [main] [                                                 ] o.s.c.c.c.ConfigServerConfigDataLoader   : Fetching config from server at : http://localhost:8888
2025-09-21T13:30:16.927+07:00  INFO 12427 --- [auth-service] [main] [                                                 ] o.s.c.c.c.ConfigServerConfigDataLoader   : Located environment: name=auth-service, profiles=[default], label=null, version=b5da896ebe1947aa10bea22803e25c2c5b001d17, state=
2025-09-21T13:30:17.988+07:00  INFO 12427 --- [auth-service] [main] [                                                 ] .s.d.r.c.RepositoryConfigurationDelegate : Bootstrapping Spring Data JPA repositories in DEFAULT mode.
2025-09-21T13:30:18.128+07:00  INFO 12427 --- [auth-service] [main] [                                                 ] .s.d.r.c.RepositoryConfigurationDelegate : Finished Spring Data repository scanning in 129 ms. Found 1 JPA repository interface.
2025-09-21T13:30:18.336+07:00  INFO 12427 --- [auth-service] [main] [                                                 ] o.s.cloud.context.scope.GenericScope     : BeanFactory id=54c89296-be6a-3490-ace2-fcd8b215e6bb
2025-09-21T13:30:18.732+07:00  INFO 12427 --- [auth-service] [main] [                                                 ] o.s.b.w.embedded.tomcat.TomcatWebServer  : Tomcat initialized with port 8081 (http)
2025-09-21T13:30:18.744+07:00  INFO 12427 --- [auth-service] [main] [                                                 ] o.apache.catalina.core.StandardService   : Starting service [Tomcat]
2025-09-21T13:30:18.745+07:00  INFO 12427 --- [auth-service] [main] [                                                 ] o.apache.catalina.core.StandardEngine    : Starting Servlet engine: [Apache Tomcat/10.1.46]
2025-09-21T13:30:18.790+07:00  INFO 12427 --- [auth-service] [main] [                                                 ] o.a.c.c.C.[Tomcat].[localhost].[/]       : Initializing Spring embedded WebApplicationContext
2025-09-21T13:30:18.791+07:00  INFO 12427 --- [auth-service] [main] [                                                 ] w.s.c.ServletWebServerApplicationContext : Root WebApplicationContext: initialization completed in 1863 ms
2025-09-21T13:30:19.355+07:00  INFO 12427 --- [auth-service] [main] [                                                 ] o.hibernate.jpa.internal.util.LogHelper  : HHH000204: Processing PersistenceUnitInfo [name: default]
2025-09-21T13:30:19.415+07:00  INFO 12427 --- [auth-service] [main] [                                                 ] org.hibernate.Version                    : HHH000412: Hibernate ORM core version 6.6.29.Final
2025-09-21T13:30:19.451+07:00  INFO 12427 --- [auth-service] [main] [                                                 ] o.h.c.internal.RegionFactoryInitiator    : HHH000026: Second-level cache disabled
2025-09-21T13:30:19.716+07:00  INFO 12427 --- [auth-service] [main] [                                                 ] o.s.o.j.p.SpringPersistenceUnitInfo      : No LoadTimeWeaver setup: ignoring JPA class transformer
2025-09-21T13:30:19.743+07:00  INFO 12427 --- [auth-service] [main] [                                                 ] com.zaxxer.hikari.HikariDataSource       : HikariPool-1 - Starting...
2025-09-21T13:30:19.995+07:00  INFO 12427 --- [auth-service] [main] [                                                 ] com.zaxxer.hikari.pool.HikariPool        : HikariPool-1 - Added connection org.postgresql.jdbc.PgConnection@75d402d4
2025-09-21T13:30:19.996+07:00  INFO 12427 --- [auth-service] [main] [                                                 ] com.zaxxer.hikari.HikariDataSource       : HikariPool-1 - Start completed.
2025-09-21T13:30:20.032+07:00  WARN 12427 --- [auth-service] [main] [                                                 ] org.hibernate.orm.deprecation            : HHH90000025: PostgreSQLDialect does not need to be specified explicitly using 'hibernate.dialect' (remove the property setting and it will be selected by default)
2025-09-21T13:30:20.053+07:00  INFO 12427 --- [auth-service] [main] [                                                 ] org.hibernate.orm.connections.pooling    : HHH10001005: Database info:
	Database JDBC URL [Connecting through datasource 'HikariDataSource (HikariPool-1)']
	Database driver: undefined/unknown
	Database version: 17.6
	Autocommit mode: undefined/unknown
	Isolation level: undefined/unknown
	Minimum pool size: undefined/unknown
	Maximum pool size: undefined/unknown
2025-09-21T13:30:21.016+07:00  INFO 12427 --- [auth-service] [main] [                                                 ] o.h.e.t.j.p.i.JtaPlatformInitiator       : HHH000489: No JTA platform available (set 'hibernate.transaction.jta.platform' to enable JTA platform integration)
2025-09-21T13:30:21.269+07:00  INFO 12427 --- [auth-service] [main] [                                                 ] j.LocalContainerEntityManagerFactoryBean : Initialized JPA EntityManagerFactory for persistence unit 'default'
2025-09-21T13:30:21.497+07:00  INFO 12427 --- [auth-service] [main] [                                                 ] o.s.d.j.r.query.QueryEnhancerFactory     : Hibernate is in classpath; If applicable, HQL parser will be used.
2025-09-21T13:30:21.944+07:00  WARN 12427 --- [auth-service] [main] [                                                 ] JpaBaseConfiguration$JpaWebConfiguration : spring.jpa.open-in-view is enabled by default. Therefore, database queries may be performed during view rendering. Explicitly configure spring.jpa.open-in-view to disable this warning
2025-09-21T13:30:22.571+07:00  INFO 12427 --- [auth-service] [main] [                                                 ] DiscoveryClientOptionalArgsConfiguration : Eureka HTTP Client uses RestTemplate.
2025-09-21T13:30:22.611+07:00  WARN 12427 --- [auth-service] [main] [                                                 ] iguration$LoadBalancerCaffeineWarnLogger : Spring Cloud LoadBalancer is currently working with the default cache. While this cache implementation is useful for development and tests, it's recommended to use Caffeine cache in production.You can switch to using Caffeine cache, by adding it and org.springframework.cache.caffeine.CaffeineCacheManager to the classpath.
2025-09-21T13:30:22.622+07:00  INFO 12427 --- [auth-service] [main] [                                                 ] o.s.b.a.e.web.EndpointLinksResolver      : Exposing 18 endpoints beneath base path '/actuator'
2025-09-21T13:30:22.717+07:00  INFO 12427 --- [auth-service] [main] [                                                 ] o.s.c.n.eureka.InstanceInfoFactory       : Setting initial instance status as: STARTING
2025-09-21T13:30:22.743+07:00  INFO 12427 --- [auth-service] [main] [                                                 ] com.netflix.discovery.DiscoveryClient    : Initializing Eureka in region us-east-1
2025-09-21T13:30:22.747+07:00  INFO 12427 --- [auth-service] [main] [                                                 ] c.n.d.s.r.aws.ConfigClusterResolver      : Resolving eureka endpoints via configuration
2025-09-21T13:30:22.755+07:00  INFO 12427 --- [auth-service] [main] [                                                 ] com.netflix.discovery.DiscoveryClient    : Disable delta property : false
2025-09-21T13:30:22.756+07:00  INFO 12427 --- [auth-service] [main] [                                                 ] com.netflix.discovery.DiscoveryClient    : Single vip registry refresh property : null
2025-09-21T13:30:22.756+07:00  INFO 12427 --- [auth-service] [main] [                                                 ] com.netflix.discovery.DiscoveryClient    : Force full registry fetch : false
2025-09-21T13:30:22.756+07:00  INFO 12427 --- [auth-service] [main] [                                                 ] com.netflix.discovery.DiscoveryClient    : Application is null : false
2025-09-21T13:30:22.756+07:00  INFO 12427 --- [auth-service] [main] [                                                 ] com.netflix.discovery.DiscoveryClient    : Registered Applications size is zero : true
2025-09-21T13:30:22.756+07:00  INFO 12427 --- [auth-service] [main] [                                                 ] com.netflix.discovery.DiscoveryClient    : Application version is -1: true
2025-09-21T13:30:22.756+07:00  INFO 12427 --- [auth-service] [main] [                                                 ] com.netflix.discovery.DiscoveryClient    : Getting all instance registry info from the eureka server
2025-09-21T13:30:23.189+07:00  INFO 12427 --- [auth-service] [main] [                                                 ] com.netflix.discovery.DiscoveryClient    : The response status is 200
2025-09-21T13:30:23.190+07:00  INFO 12427 --- [auth-service] [main] [                                                 ] com.netflix.discovery.DiscoveryClient    : Starting heartbeat executor: renew interval is: 30
2025-09-21T13:30:23.192+07:00  INFO 12427 --- [auth-service] [main] [                                                 ] c.n.discovery.InstanceInfoReplicator     : InstanceInfoReplicator onDemand update allowed rate per min is 4
2025-09-21T13:30:23.193+07:00  INFO 12427 --- [auth-service] [main] [                                                 ] com.netflix.discovery.DiscoveryClient    : Discovery Client initialized at timestamp 1758436223193 with initial instances count: 0
2025-09-21T13:30:23.197+07:00  INFO 12427 --- [auth-service] [main] [                                                 ] o.s.c.n.e.s.EurekaServiceRegistry        : Registering application AUTH-SERVICE with eureka with status UP
2025-09-21T13:30:23.198+07:00  INFO 12427 --- [auth-service] [main] [                                                 ] com.netflix.discovery.DiscoveryClient    : Saw local status change event StatusChangeEvent [timestamp=1758436223198, current=UP, previous=STARTING]
2025-09-21T13:30:23.200+07:00  INFO 12427 --- [auth-service] [DiscoveryClient-InstanceInfoReplicator-%d] [                                                 ] com.netflix.discovery.DiscoveryClient    : DiscoveryClient_AUTH-SERVICE/archlinux:auth-service:8081: registering service...
2025-09-21T13:30:23.209+07:00  INFO 12427 --- [auth-service] [main] [                                                 ] o.s.b.w.embedded.tomcat.TomcatWebServer  : Tomcat started on port 8081 (http) with context path '/'
2025-09-21T13:30:23.210+07:00  INFO 12427 --- [auth-service] [main] [                                                 ] .s.c.n.e.s.EurekaAutoServiceRegistration : Updating port to 8081
2025-09-21T13:30:23.230+07:00  INFO 12427 --- [auth-service] [main] [                                                 ] c.e.a.a.AuthServiceApplication           : Started AuthServiceApplication in 12.193 seconds (process running for 12.877)
2025-09-21T13:30:23.407+07:00  INFO 12427 --- [auth-service] [DiscoveryClient-InstanceInfoReplicator-%d] [                                                 ] com.netflix.discovery.DiscoveryClient    : DiscoveryClient_AUTH-SERVICE/archlinux:auth-service:8081 - registration status: 204
2025-09-21T13:30:53.191+07:00  INFO 12427 --- [auth-service] [DiscoveryClient-CacheRefreshExecutor-%d] [                                                 ] com.netflix.discovery.DiscoveryClient    : Disable delta property : false
2025-09-21T13:30:53.191+07:00  INFO 12427 --- [auth-service] [DiscoveryClient-CacheRefreshExecutor-%d] [                                                 ] com.netflix.discovery.DiscoveryClient    : Single vip registry refresh property : null
2025-09-21T13:30:53.191+07:00  INFO 12427 --- [auth-service] [DiscoveryClient-CacheRefreshExecutor-%d] [                                                 ] com.netflix.discovery.DiscoveryClient    : Force full registry fetch : false
2025-09-21T13:30:53.191+07:00  INFO 12427 --- [auth-service] [DiscoveryClient-CacheRefreshExecutor-%d] [                                                 ] com.netflix.discovery.DiscoveryClient    : Application is null : false
2025-09-21T13:30:53.191+07:00  INFO 12427 --- [auth-service] [DiscoveryClient-CacheRefreshExecutor-%d] [                                                 ] com.netflix.discovery.DiscoveryClient    : Registered Applications size is zero : true
2025-09-21T13:30:53.191+07:00  INFO 12427 --- [auth-service] [DiscoveryClient-CacheRefreshExecutor-%d] [                                                 ] com.netflix.discovery.DiscoveryClient    : Application version is -1: false
2025-09-21T13:30:53.192+07:00  INFO 12427 --- [auth-service] [DiscoveryClient-CacheRefreshExecutor-%d] [                                                 ] com.netflix.discovery.DiscoveryClient    : Getting all instance registry info from the eureka server
2025-09-21T13:30:53.219+07:00  INFO 12427 --- [auth-service] [DiscoveryClient-CacheRefreshExecutor-%d] [                                                 ] com.netflix.discovery.DiscoveryClient    : The response status is 200
2025-09-21T13:33:55.104+07:00  INFO 12427 --- [auth-service] [SpringApplicationShutdownHook] [                                                 ] o.s.c.n.e.s.EurekaServiceRegistry        : Unregistering application AUTH-SERVICE with eureka with status DOWN
2025-09-21T13:33:55.104+07:00  INFO 12427 --- [auth-service] [SpringApplicationShutdownHook] [                                                 ] com.netflix.discovery.DiscoveryClient    : Saw local status change event StatusChangeEvent [timestamp=1758436435104, current=DOWN, previous=UP]
2025-09-21T13:33:55.105+07:00  INFO 12427 --- [auth-service] [DiscoveryClient-InstanceInfoReplicator-%d] [                                                 ] com.netflix.discovery.DiscoveryClient    : DiscoveryClient_AUTH-SERVICE/archlinux:auth-service:8081: registering service...
2025-09-21T13:33:55.107+07:00  INFO 12427 --- [auth-service] [SpringApplicationShutdownHook] [                                                 ] o.s.b.w.e.tomcat.GracefulShutdown        : Commencing graceful shutdown. Waiting for active requests to complete
2025-09-21T13:33:55.113+07:00  INFO 12427 --- [auth-service] [tomcat-shutdown] [                                                 ] o.s.b.w.e.tomcat.GracefulShutdown        : Graceful shutdown complete
2025-09-21T13:33:55.123+07:00  INFO 12427 --- [auth-service] [DiscoveryClient-InstanceInfoReplicator-%d] [                                                 ] com.netflix.discovery.DiscoveryClient    : DiscoveryClient_AUTH-SERVICE/archlinux:auth-service:8081 - registration status: 204
2025-09-21T13:33:55.132+07:00  INFO 12427 --- [auth-service] [SpringApplicationShutdownHook] [                                                 ] j.LocalContainerEntityManagerFactoryBean : Closing JPA EntityManagerFactory for persistence unit 'default'
2025-09-21T13:33:55.136+07:00  INFO 12427 --- [auth-service] [SpringApplicationShutdownHook] [                                                 ] com.zaxxer.hikari.HikariDataSource       : HikariPool-1 - Shutdown initiated...
2025-09-21T13:33:55.143+07:00  INFO 12427 --- [auth-service] [SpringApplicationShutdownHook] [                                                 ] com.zaxxer.hikari.HikariDataSource       : HikariPool-1 - Shutdown completed.
2025-09-21T13:33:55.920+07:00  INFO 12427 --- [auth-service] [SpringApplicationShutdownHook] [                                                 ] com.netflix.discovery.DiscoveryClient    : Shutting down DiscoveryClient ...
2025-09-21T13:33:58.920+07:00  INFO 12427 --- [auth-service] [SpringApplicationShutdownHook] [                                                 ] com.netflix.discovery.DiscoveryClient    : Unregistering ...
2025-09-21T13:33:58.928+07:00  INFO 12427 --- [auth-service] [SpringApplicationShutdownHook] [                                                 ] com.netflix.discovery.DiscoveryClient    : DiscoveryClient_AUTH-SERVICE/archlinux:auth-service:8081 - deregister  status: 200
2025-09-21T13:33:58.929+07:00  INFO 12427 --- [auth-service] [SpringApplicationShutdownHook] [                                                 ] com.netflix.discovery.DiscoveryClient    : Completed shut down of DiscoveryClient
2025-09-21T13:34:56.669+07:00  INFO 16165 --- [auth-service] [main] [                                                 ] c.e.a.a.AuthServiceApplication           : Starting AuthServiceApplication using Java 25.0.1 with PID 16165 (/home/fragile/Desktop/platform-ecom/platform-ecom-backend/auth-services/target/classes started by fragile in /home/fragile/Desktop/platform-ecom)
2025-09-21T13:34:56.672+07:00  INFO 16165 --- [auth-service] [main] [                                                 ] c.e.a.a.AuthServiceApplication           : No active profile set, falling back to 1 default profile: "default"
2025-09-21T13:34:56.711+07:00  INFO 16165 --- [auth-service] [main] [                                                 ] o.s.c.c.c.ConfigServerConfigDataLoader   : Fetching config from server at : http://localhost:8888
2025-09-21T13:34:56.712+07:00  INFO 16165 --- [auth-service] [main] [                                                 ] o.s.c.c.c.ConfigServerConfigDataLoader   : Located environment: name=auth-service, profiles=[default], label=null, version=1e3cdf5ea3fefc74ac3b848a4afb9ed93e820158, state=
2025-09-21T13:34:57.534+07:00  INFO 16165 --- [auth-service] [main] [                                                 ] .s.d.r.c.RepositoryConfigurationDelegate : Bootstrapping Spring Data JPA repositories in DEFAULT mode.
2025-09-21T13:34:57.637+07:00  INFO 16165 --- [auth-service] [main] [                                                 ] .s.d.r.c.RepositoryConfigurationDelegate : Finished Spring Data repository scanning in 96 ms. Found 1 JPA repository interface.
2025-09-21T13:34:57.832+07:00  INFO 16165 --- [auth-service] [main] [                                                 ] o.s.cloud.context.scope.GenericScope     : BeanFactory id=54c89296-be6a-3490-ace2-fcd8b215e6bb
2025-09-21T13:34:58.293+07:00  INFO 16165 --- [auth-service] [main] [                                                 ] o.s.b.w.embedded.tomcat.TomcatWebServer  : Tomcat initialized with port 8081 (http)
2025-09-21T13:34:58.312+07:00  INFO 16165 --- [auth-service] [main] [                                                 ] o.apache.catalina.core.StandardService   : Starting service [Tomcat]
2025-09-21T13:34:58.313+07:00  INFO 16165 --- [auth-service] [main] [                                                 ] o.apache.catalina.core.StandardEngine    : Starting Servlet engine: [Apache Tomcat/10.1.46]
2025-09-21T13:34:58.386+07:00  INFO 16165 --- [auth-service] [main] [                                                 ] o.a.c.c.C.[Tomcat].[localhost].[/]       : Initializing Spring embedded WebApplicationContext
2025-09-21T13:34:58.388+07:00  INFO 16165 --- [auth-service] [main] [                                                 ] w.s.c.ServletWebServerApplicationContext : Root WebApplicationContext: initialization completed in 1673 ms
2025-09-21T13:34:59.228+07:00  INFO 16165 --- [auth-service] [main] [                                                 ] o.hibernate.jpa.internal.util.LogHelper  : HHH000204: Processing PersistenceUnitInfo [name: default]
2025-09-21T13:34:59.311+07:00  INFO 16165 --- [auth-service] [main] [                                                 ] org.hibernate.Version                    : HHH000412: Hibernate ORM core version 6.6.29.Final
2025-09-21T13:34:59.356+07:00  INFO 16165 --- [auth-service] [main] [                                                 ] o.h.c.internal.RegionFactoryInitiator    : HHH000026: Second-level cache disabled
2025-09-21T13:34:59.880+07:00  INFO 16165 --- [auth-service] [main] [                                                 ] o.s.o.j.p.SpringPersistenceUnitInfo      : No LoadTimeWeaver setup: ignoring JPA class transformer
2025-09-21T13:34:59.939+07:00  INFO 16165 --- [auth-service] [main] [                                                 ] com.zaxxer.hikari.HikariDataSource       : HikariPool-1 - Starting...
2025-09-21T13:35:00.292+07:00  INFO 16165 --- [auth-service] [main] [                                                 ] com.zaxxer.hikari.pool.HikariPool        : HikariPool-1 - Added connection org.postgresql.jdbc.PgConnection@3f2ab6ec
2025-09-21T13:35:00.298+07:00  INFO 16165 --- [auth-service] [main] [                                                 ] com.zaxxer.hikari.HikariDataSource       : HikariPool-1 - Start completed.
2025-09-21T13:35:00.350+07:00  WARN 16165 --- [auth-service] [main] [                                                 ] org.hibernate.orm.deprecation            : HHH90000025: PostgreSQLDialect does not need to be specified explicitly using 'hibernate.dialect' (remove the property setting and it will be selected by default)
2025-09-21T13:35:00.415+07:00  INFO 16165 --- [auth-service] [main] [                                                 ] org.hibernate.orm.connections.pooling    : HHH10001005: Database info:
	Database JDBC URL [Connecting through datasource 'HikariDataSource (HikariPool-1)']
	Database driver: undefined/unknown
	Database version: 17.6
	Autocommit mode: undefined/unknown
	Isolation level: undefined/unknown
	Minimum pool size: undefined/unknown
	Maximum pool size: undefined/unknown
2025-09-21T13:35:02.175+07:00  INFO 16165 --- [auth-service] [main] [                                                 ] o.h.e.t.j.p.i.JtaPlatformInitiator       : HHH000489: No JTA platform available (set 'hibernate.transaction.jta.platform' to enable JTA platform integration)
2025-09-21T13:35:02.676+07:00  INFO 16165 --- [auth-service] [main] [                                                 ] j.LocalContainerEntityManagerFactoryBean : Initialized JPA EntityManagerFactory for persistence unit 'default'
2025-09-21T13:35:03.054+07:00  INFO 16165 --- [auth-service] [main] [                                                 ] o.s.d.j.r.query.QueryEnhancerFactory     : Hibernate is in classpath; If applicable, HQL parser will be used.
2025-09-21T13:35:03.866+07:00  WARN 16165 --- [auth-service] [main] [                                                 ] JpaBaseConfiguration$JpaWebConfiguration : spring.jpa.open-in-view is enabled by default. Therefore, database queries may be performed during view rendering. Explicitly configure spring.jpa.open-in-view to disable this warning
2025-09-21T13:35:05.115+07:00  INFO 16165 --- [auth-service] [main] [                                                 ] DiscoveryClientOptionalArgsConfiguration : Eureka HTTP Client uses RestTemplate.
2025-09-21T13:35:05.343+07:00  WARN 16165 --- [auth-service] [main] [                                                 ] iguration$LoadBalancerCaffeineWarnLogger : Spring Cloud LoadBalancer is currently working with the default cache. While this cache implementation is useful for development and tests, it's recommended to use Caffeine cache in production.You can switch to using Caffeine cache, by adding it and org.springframework.cache.caffeine.CaffeineCacheManager to the classpath.
2025-09-21T13:35:05.388+07:00  INFO 16165 --- [auth-service] [main] [                                                 ] o.s.b.a.e.web.EndpointLinksResolver      : Exposing 18 endpoints beneath base path '/actuator'
2025-09-21T13:35:05.736+07:00  INFO 16165 --- [auth-service] [main] [                                                 ] o.s.c.n.eureka.InstanceInfoFactory       : Setting initial instance status as: STARTING
2025-09-21T13:35:05.816+07:00  INFO 16165 --- [auth-service] [main] [                                                 ] com.netflix.discovery.DiscoveryClient    : Initializing Eureka in region us-east-1
2025-09-21T13:35:05.829+07:00  INFO 16165 --- [auth-service] [main] [                                                 ] c.n.d.s.r.aws.ConfigClusterResolver      : Resolving eureka endpoints via configuration
2025-09-21T13:35:05.878+07:00  INFO 16165 --- [auth-service] [main] [                                                 ] com.netflix.discovery.DiscoveryClient    : Disable delta property : false
2025-09-21T13:35:05.879+07:00  INFO 16165 --- [auth-service] [main] [                                                 ] com.netflix.discovery.DiscoveryClient    : Single vip registry refresh property : null
2025-09-21T13:35:05.879+07:00  INFO 16165 --- [auth-service] [main] [                                                 ] com.netflix.discovery.DiscoveryClient    : Force full registry fetch : false
2025-09-21T13:35:05.879+07:00  INFO 16165 --- [auth-service] [main] [                                                 ] com.netflix.discovery.DiscoveryClient    : Application is null : false
2025-09-21T13:35:05.879+07:00  INFO 16165 --- [auth-service] [main] [                                                 ] com.netflix.discovery.DiscoveryClient    : Registered Applications size is zero : true
2025-09-21T13:35:05.879+07:00  INFO 16165 --- [auth-service] [main] [                                                 ] com.netflix.discovery.DiscoveryClient    : Application version is -1: true
2025-09-21T13:35:05.883+07:00  INFO 16165 --- [auth-service] [main] [                                                 ] com.netflix.discovery.DiscoveryClient    : Getting all instance registry info from the eureka server
2025-09-21T13:35:06.693+07:00  INFO 16165 --- [auth-service] [main] [                                                 ] com.netflix.discovery.DiscoveryClient    : The response status is 200
2025-09-21T13:35:06.699+07:00  INFO 16165 --- [auth-service] [main] [                                                 ] com.netflix.discovery.DiscoveryClient    : Starting heartbeat executor: renew interval is: 30
2025-09-21T13:35:06.705+07:00  INFO 16165 --- [auth-service] [main] [                                                 ] c.n.discovery.InstanceInfoReplicator     : InstanceInfoReplicator onDemand update allowed rate per min is 4
2025-09-21T13:35:06.716+07:00  INFO 16165 --- [auth-service] [main] [                                                 ] com.netflix.discovery.DiscoveryClient    : Discovery Client initialized at timestamp 1758436506713 with initial instances count: 0
2025-09-21T13:35:06.735+07:00  INFO 16165 --- [auth-service] [main] [                                                 ] o.s.c.n.e.s.EurekaServiceRegistry        : Registering application AUTH-SERVICE with eureka with status UP
2025-09-21T13:35:06.738+07:00  INFO 16165 --- [auth-service] [main] [                                                 ] com.netflix.discovery.DiscoveryClient    : Saw local status change event StatusChangeEvent [timestamp=1758436506738, current=UP, previous=STARTING]
2025-09-21T13:35:06.744+07:00  INFO 16165 --- [auth-service] [DiscoveryClient-InstanceInfoReplicator-%d] [                                                 ] com.netflix.discovery.DiscoveryClient    : DiscoveryClient_AUTH-SERVICE/archlinux:auth-service:8081: registering service...
2025-09-21T13:35:06.790+07:00  INFO 16165 --- [auth-service] [main] [                                                 ] o.s.b.w.embedded.tomcat.TomcatWebServer  : Tomcat started on port 8081 (http) with context path '/'
2025-09-21T13:35:06.793+07:00  INFO 16165 --- [auth-service] [main] [                                                 ] .s.c.n.e.s.EurekaAutoServiceRegistration : Updating port to 8081
2025-09-21T13:35:06.830+07:00  INFO 16165 --- [auth-service] [DiscoveryClient-InstanceInfoReplicator-%d] [                                                 ] com.netflix.discovery.DiscoveryClient    : DiscoveryClient_AUTH-SERVICE/archlinux:auth-service:8081 - registration status: 204
2025-09-21T13:35:06.884+07:00  INFO 16165 --- [auth-service] [main] [                                                 ] c.e.a.a.AuthServiceApplication           : Started AuthServiceApplication in 18.782 seconds (process running for 19.278)
2025-09-21T13:35:36.695+07:00  INFO 16165 --- [auth-service] [DiscoveryClient-CacheRefreshExecutor-%d] [                                                 ] com.netflix.discovery.DiscoveryClient    : Disable delta property : false
2025-09-21T13:35:36.696+07:00  INFO 16165 --- [auth-service] [DiscoveryClient-CacheRefreshExecutor-%d] [                                                 ] com.netflix.discovery.DiscoveryClient    : Single vip registry refresh property : null
2025-09-21T13:35:36.696+07:00  INFO 16165 --- [auth-service] [DiscoveryClient-CacheRefreshExecutor-%d] [                                                 ] com.netflix.discovery.DiscoveryClient    : Force full registry fetch : false
2025-09-21T13:35:36.696+07:00  INFO 16165 --- [auth-service] [DiscoveryClient-CacheRefreshExecutor-%d] [                                                 ] com.netflix.discovery.DiscoveryClient    : Application is null : false
2025-09-21T13:35:36.696+07:00  INFO 16165 --- [auth-service] [DiscoveryClient-CacheRefreshExecutor-%d] [                                                 ] com.netflix.discovery.DiscoveryClient    : Registered Applications size is zero : true
2025-09-21T13:35:36.696+07:00  INFO 16165 --- [auth-service] [DiscoveryClient-CacheRefreshExecutor-%d] [                                                 ] com.netflix.discovery.DiscoveryClient    : Application version is -1: false
2025-09-21T13:35:36.696+07:00  INFO 16165 --- [auth-service] [DiscoveryClient-CacheRefreshExecutor-%d] [                                                 ] com.netflix.discovery.DiscoveryClient    : Getting all instance registry info from the eureka server
2025-09-21T13:35:36.721+07:00  INFO 16165 --- [auth-service] [DiscoveryClient-CacheRefreshExecutor-%d] [                                                 ] com.netflix.discovery.DiscoveryClient    : The response status is 200
2025-09-21T13:40:05.888+07:00  INFO 16165 --- [auth-service] [AsyncResolver-bootstrap-executor-%d] [                                                 ] c.n.d.s.r.aws.ConfigClusterResolver      : Resolving eureka endpoints via configuration
2025-09-21T13:43:28.172+07:00  INFO 16165 --- [auth-service] [http-nio-8081-exec-1] [                                                 ] o.a.c.c.C.[Tomcat].[localhost].[/]       : Initializing Spring DispatcherServlet 'dispatcherServlet'
2025-09-21T13:43:28.172+07:00  INFO 16165 --- [auth-service] [http-nio-8081-exec-1] [                                                 ] o.s.web.servlet.DispatcherServlet        : Initializing Servlet 'dispatcherServlet'
2025-09-21T13:43:28.173+07:00  INFO 16165 --- [auth-service] [http-nio-8081-exec-1] [                                                 ] o.s.web.servlet.DispatcherServlet        : Completed initialization in 1 ms
2025-09-21T13:44:26.207+07:00  INFO 16165 --- [auth-service] [SpringApplicationShutdownHook] [                                                 ] o.s.c.n.e.s.EurekaServiceRegistry        : Unregistering application AUTH-SERVICE with eureka with status DOWN
2025-09-21T13:44:26.207+07:00  INFO 16165 --- [auth-service] [SpringApplicationShutdownHook] [                                                 ] com.netflix.discovery.DiscoveryClient    : Saw local status change event StatusChangeEvent [timestamp=1758437066207, current=DOWN, previous=UP]
2025-09-21T13:44:26.207+07:00  INFO 16165 --- [auth-service] [DiscoveryClient-InstanceInfoReplicator-%d] [                                                 ] com.netflix.discovery.DiscoveryClient    : DiscoveryClient_AUTH-SERVICE/archlinux:auth-service:8081: registering service...
2025-09-21T13:44:26.208+07:00  INFO 16165 --- [auth-service] [SpringApplicationShutdownHook] [                                                 ] o.s.b.w.e.tomcat.GracefulShutdown        : Commencing graceful shutdown. Waiting for active requests to complete
2025-09-21T13:44:26.210+07:00  INFO 16165 --- [auth-service] [tomcat-shutdown] [                                                 ] o.s.b.w.e.tomcat.GracefulShutdown        : Graceful shutdown complete
2025-09-21T13:44:26.213+07:00  INFO 16165 --- [auth-service] [DiscoveryClient-InstanceInfoReplicator-%d] [                                                 ] com.netflix.discovery.DiscoveryClient    : DiscoveryClient_AUTH-SERVICE/archlinux:auth-service:8081 - registration status: 204
2025-09-21T13:44:26.215+07:00  INFO 16165 --- [auth-service] [SpringApplicationShutdownHook] [                                                 ] j.LocalContainerEntityManagerFactoryBean : Closing JPA EntityManagerFactory for persistence unit 'default'
2025-09-21T13:44:26.217+07:00  INFO 16165 --- [auth-service] [SpringApplicationShutdownHook] [                                                 ] com.zaxxer.hikari.HikariDataSource       : HikariPool-1 - Shutdown initiated...
2025-09-21T13:44:26.219+07:00  INFO 16165 --- [auth-service] [SpringApplicationShutdownHook] [                                                 ] com.zaxxer.hikari.HikariDataSource       : HikariPool-1 - Shutdown completed.
2025-09-21T13:44:27.133+07:00  INFO 16165 --- [auth-service] [SpringApplicationShutdownHook] [                                                 ] com.netflix.discovery.DiscoveryClient    : Shutting down DiscoveryClient ...
2025-09-21T13:44:30.134+07:00  INFO 16165 --- [auth-service] [SpringApplicationShutdownHook] [                                                 ] com.netflix.discovery.DiscoveryClient    : Unregistering ...
2025-09-21T13:44:30.142+07:00  INFO 16165 --- [auth-service] [SpringApplicationShutdownHook] [                                                 ] com.netflix.discovery.DiscoveryClient    : DiscoveryClient_AUTH-SERVICE/archlinux:auth-service:8081 - deregister  status: 200
2025-09-21T13:44:30.142+07:00  INFO 16165 --- [auth-service] [SpringApplicationShutdownHook] [                                                 ] com.netflix.discovery.DiscoveryClient    : Completed shut down of DiscoveryClient
2025-09-21T13:44:35.606+07:00  INFO 22099 --- [auth-service] [main] [                                                 ] c.e.a.a.AuthServiceApplication           : Starting AuthServiceApplication using Java 25.0.1 with PID 22099 (/home/fragile/Desktop/platform-ecom/platform-ecom-backend/auth-services/target/classes started by fragile in /home/fragile/Desktop/platform-ecom)
2025-09-21T13:44:35.609+07:00  INFO 22099 --- [auth-service] [main] [                                                 ] c.e.a.a.AuthServiceApplication           : No active profile set, falling back to 1 default profile: "default"
2025-09-21T13:44:35.662+07:00  INFO 22099 --- [auth-service] [main] [                                                 ] o.s.c.c.c.ConfigServerConfigDataLoader   : Fetching config from server at : http://localhost:8888
2025-09-21T13:44:35.663+07:00  INFO 22099 --- [auth-service] [main] [                                                 ] o.s.c.c.c.ConfigServerConfigDataLoader   : Located environment: name=auth-service, profiles=[default], label=null, version=1e3cdf5ea3fefc74ac3b848a4afb9ed93e820158, state=
2025-09-21T13:44:36.833+07:00  INFO 22099 --- [auth-service] [main] [                                                 ] .s.d.r.c.RepositoryConfigurationDelegate : Bootstrapping Spring Data JPA repositories in DEFAULT mode.
2025-09-21T13:44:36.992+07:00  INFO 22099 --- [auth-service] [main] [                                                 ] .s.d.r.c.RepositoryConfigurationDelegate : Finished Spring Data repository scanning in 148 ms. Found 1 JPA repository interface.
2025-09-21T13:44:37.263+07:00  INFO 22099 --- [auth-service] [main] [                                                 ] o.s.cloud.context.scope.GenericScope     : BeanFactory id=54c89296-be6a-3490-ace2-fcd8b215e6bb
2025-09-21T13:44:37.834+07:00  INFO 22099 --- [auth-service] [main] [                                                 ] o.s.b.w.embedded.tomcat.TomcatWebServer  : Tomcat initialized with port 8081 (http)
2025-09-21T13:44:37.850+07:00  INFO 22099 --- [auth-service] [main] [                                                 ] o.apache.catalina.core.StandardService   : Starting service [Tomcat]
2025-09-21T13:44:37.851+07:00  INFO 22099 --- [auth-service] [main] [                                                 ] o.apache.catalina.core.StandardEngine    : Starting Servlet engine: [Apache Tomcat/10.1.46]
2025-09-21T13:44:37.902+07:00  INFO 22099 --- [auth-service] [main] [                                                 ] o.a.c.c.C.[Tomcat].[localhost].[/]       : Initializing Spring embedded WebApplicationContext
2025-09-21T13:44:37.903+07:00  INFO 22099 --- [auth-service] [main] [                                                 ] w.s.c.ServletWebServerApplicationContext : Root WebApplicationContext: initialization completed in 2238 ms
2025-09-21T13:44:38.611+07:00  INFO 22099 --- [auth-service] [main] [                                                 ] o.hibernate.jpa.internal.util.LogHelper  : HHH000204: Processing PersistenceUnitInfo [name: default]
2025-09-21T13:44:38.667+07:00  INFO 22099 --- [auth-service] [main] [                                                 ] org.hibernate.Version                    : HHH000412: Hibernate ORM core version 6.6.29.Final
2025-09-21T13:44:38.707+07:00  INFO 22099 --- [auth-service] [main] [                                                 ] o.h.c.internal.RegionFactoryInitiator    : HHH000026: Second-level cache disabled
2025-09-21T13:44:39.029+07:00  INFO 22099 --- [auth-service] [main] [                                                 ] o.s.o.j.p.SpringPersistenceUnitInfo      : No LoadTimeWeaver setup: ignoring JPA class transformer
2025-09-21T13:44:39.055+07:00  INFO 22099 --- [auth-service] [main] [                                                 ] com.zaxxer.hikari.HikariDataSource       : HikariPool-1 - Starting...
2025-09-21T13:44:39.230+07:00  INFO 22099 --- [auth-service] [main] [                                                 ] com.zaxxer.hikari.pool.HikariPool        : HikariPool-1 - Added connection org.postgresql.jdbc.PgConnection@160cf225
2025-09-21T13:44:39.233+07:00  INFO 22099 --- [auth-service] [main] [                                                 ] com.zaxxer.hikari.HikariDataSource       : HikariPool-1 - Start completed.
2025-09-21T13:44:39.261+07:00  WARN 22099 --- [auth-service] [main] [                                                 ] org.hibernate.orm.deprecation            : HHH90000025: PostgreSQLDialect does not need to be specified explicitly using 'hibernate.dialect' (remove the property setting and it will be selected by default)
2025-09-21T13:44:39.279+07:00  INFO 22099 --- [auth-service] [main] [                                                 ] org.hibernate.orm.connections.pooling    : HHH10001005: Database info:
	Database JDBC URL [Connecting through datasource 'HikariDataSource (HikariPool-1)']
	Database driver: undefined/unknown
	Database version: 17.6
	Autocommit mode: undefined/unknown
	Isolation level: undefined/unknown
	Minimum pool size: undefined/unknown
	Maximum pool size: undefined/unknown
2025-09-21T13:44:40.148+07:00  INFO 22099 --- [auth-service] [main] [                                                 ] o.h.e.t.j.p.i.JtaPlatformInitiator       : HHH000489: No JTA platform available (set 'hibernate.transaction.jta.platform' to enable JTA platform integration)
2025-09-21T13:44:40.347+07:00  INFO 22099 --- [auth-service] [main] [                                                 ] j.LocalContainerEntityManagerFactoryBean : Initialized JPA EntityManagerFactory for persistence unit 'default'
2025-09-21T13:44:40.648+07:00  INFO 22099 --- [auth-service] [main] [                                                 ] o.s.d.j.r.query.QueryEnhancerFactory     : Hibernate is in classpath; If applicable, HQL parser will be used.
2025-09-21T13:44:41.213+07:00  WARN 22099 --- [auth-service] [main] [                                                 ] JpaBaseConfiguration$JpaWebConfiguration : spring.jpa.open-in-view is enabled by default. Therefore, database queries may be performed during view rendering. Explicitly configure spring.jpa.open-in-view to disable this warning
2025-09-21T13:44:41.993+07:00  INFO 22099 --- [auth-service] [main] [                                                 ] DiscoveryClientOptionalArgsConfiguration : Eureka HTTP Client uses RestTemplate.
2025-09-21T13:44:42.033+07:00  WARN 22099 --- [auth-service] [main] [                                                 ] iguration$LoadBalancerCaffeineWarnLogger : Spring Cloud LoadBalancer is currently working with the default cache. While this cache implementation is useful for development and tests, it's recommended to use Caffeine cache in production.You can switch to using Caffeine cache, by adding it and org.springframework.cache.caffeine.CaffeineCacheManager to the classpath.
2025-09-21T13:44:42.043+07:00  INFO 22099 --- [auth-service] [main] [                                                 ] o.s.b.a.e.web.EndpointLinksResolver      : Exposing 18 endpoints beneath base path '/actuator'
2025-09-21T13:44:42.132+07:00  INFO 22099 --- [auth-service] [main] [                                                 ] o.s.c.n.eureka.InstanceInfoFactory       : Setting initial instance status as: STARTING
2025-09-21T13:44:42.164+07:00  INFO 22099 --- [auth-service] [main] [                                                 ] com.netflix.discovery.DiscoveryClient    : Initializing Eureka in region us-east-1
2025-09-21T13:44:42.168+07:00  INFO 22099 --- [auth-service] [main] [                                                 ] c.n.d.s.r.aws.ConfigClusterResolver      : Resolving eureka endpoints via configuration
2025-09-21T13:44:42.180+07:00  INFO 22099 --- [auth-service] [main] [                                                 ] com.netflix.discovery.DiscoveryClient    : Disable delta property : false
2025-09-21T13:44:42.180+07:00  INFO 22099 --- [auth-service] [main] [                                                 ] com.netflix.discovery.DiscoveryClient    : Single vip registry refresh property : null
2025-09-21T13:44:42.181+07:00  INFO 22099 --- [auth-service] [main] [                                                 ] com.netflix.discovery.DiscoveryClient    : Force full registry fetch : false
2025-09-21T13:44:42.181+07:00  INFO 22099 --- [auth-service] [main] [                                                 ] com.netflix.discovery.DiscoveryClient    : Application is null : false
2025-09-21T13:44:42.181+07:00  INFO 22099 --- [auth-service] [main] [                                                 ] com.netflix.discovery.DiscoveryClient    : Registered Applications size is zero : true
2025-09-21T13:44:42.181+07:00  INFO 22099 --- [auth-service] [main] [                                                 ] com.netflix.discovery.DiscoveryClient    : Application version is -1: true
2025-09-21T13:44:42.181+07:00  INFO 22099 --- [auth-service] [main] [                                                 ] com.netflix.discovery.DiscoveryClient    : Getting all instance registry info from the eureka server
2025-09-21T13:44:42.491+07:00  INFO 22099 --- [auth-service] [main] [                                                 ] com.netflix.discovery.DiscoveryClient    : The response status is 200
2025-09-21T13:44:42.495+07:00  INFO 22099 --- [auth-service] [main] [                                                 ] com.netflix.discovery.DiscoveryClient    : Starting heartbeat executor: renew interval is: 30
2025-09-21T13:44:42.499+07:00  INFO 22099 --- [auth-service] [main] [                                                 ] c.n.discovery.InstanceInfoReplicator     : InstanceInfoReplicator onDemand update allowed rate per min is 4
2025-09-21T13:44:42.503+07:00  INFO 22099 --- [auth-service] [main] [                                                 ] com.netflix.discovery.DiscoveryClient    : Discovery Client initialized at timestamp 1758437082502 with initial instances count: 3
2025-09-21T13:44:42.512+07:00  INFO 22099 --- [auth-service] [main] [                                                 ] o.s.c.n.e.s.EurekaServiceRegistry        : Registering application AUTH-SERVICE with eureka with status UP
2025-09-21T13:44:42.514+07:00  INFO 22099 --- [auth-service] [main] [                                                 ] com.netflix.discovery.DiscoveryClient    : Saw local status change event StatusChangeEvent [timestamp=1758437082514, current=UP, previous=STARTING]
2025-09-21T13:44:42.516+07:00  INFO 22099 --- [auth-service] [DiscoveryClient-InstanceInfoReplicator-%d] [                                                 ] com.netflix.discovery.DiscoveryClient    : DiscoveryClient_AUTH-SERVICE/archlinux:auth-service:8081: registering service...
2025-09-21T13:44:42.545+07:00  INFO 22099 --- [auth-service] [main] [                                                 ] o.s.b.w.embedded.tomcat.TomcatWebServer  : Tomcat started on port 8081 (http) with context path '/'
2025-09-21T13:44:42.547+07:00  INFO 22099 --- [auth-service] [main] [                                                 ] .s.c.n.e.s.EurekaAutoServiceRegistration : Updating port to 8081
2025-09-21T13:44:42.576+07:00  INFO 22099 --- [auth-service] [main] [                                                 ] c.e.a.a.AuthServiceApplication           : Started AuthServiceApplication in 9.514 seconds (process running for 10.171)
2025-09-21T13:44:42.634+07:00  INFO 22099 --- [auth-service] [DiscoveryClient-InstanceInfoReplicator-%d] [                                                 ] com.netflix.discovery.DiscoveryClient    : DiscoveryClient_AUTH-SERVICE/archlinux:auth-service:8081 - registration status: 204
2025-09-21T13:45:58.103+07:00  INFO 22099 --- [auth-service] [http-nio-8081-exec-1] [                                                 ] o.a.c.c.C.[Tomcat].[localhost].[/]       : Initializing Spring DispatcherServlet 'dispatcherServlet'
2025-09-21T13:45:58.103+07:00  INFO 22099 --- [auth-service] [http-nio-8081-exec-1] [                                                 ] o.s.web.servlet.DispatcherServlet        : Initializing Servlet 'dispatcherServlet'
2025-09-21T13:45:58.104+07:00  INFO 22099 --- [auth-service] [http-nio-8081-exec-1] [                                                 ] o.s.web.servlet.DispatcherServlet        : Completed initialization in 1 ms
2025-09-21T13:48:41.438+07:00 ERROR 22099 --- [auth-service] [http-nio-8081-exec-3] [                                                 ] o.a.c.c.C.[.[.[/].[dispatcherServlet]    : Servlet.service() for servlet [dispatcherServlet] in context with path [] threw exception [Request processing failed: io.jsonwebtoken.security.UnsupportedKeyException: Unable to determine a suitable MAC or Signature algorithm for the specified key using available heuristics: either the key size is too weak be used with available algorithms, or the key size is unavailable (e.g. if using a PKCS11 or HSM (Hardware Security Module) key store). If you are using a PKCS11 or HSM keystore, consider using the JwtBuilder.signWith(Key, SecureDigestAlgorithm) method instead.] with root cause

io.jsonwebtoken.security.UnsupportedKeyException: Unable to determine a suitable MAC or Signature algorithm for the specified key using available heuristics: either the key size is too weak be used with available algorithms, or the key size is unavailable (e.g. if using a PKCS11 or HSM (Hardware Security Module) key store). If you are using a PKCS11 or HSM keystore, consider using the JwtBuilder.signWith(Key, SecureDigestAlgorithm) method instead.
	at io.jsonwebtoken.impl.DefaultJwtBuilder.forSigningKey(DefaultJwtBuilder.java:199) ~[jjwt-impl-0.12.5.jar:0.12.5]
	at io.jsonwebtoken.impl.DefaultJwtBuilder.signWith(DefaultJwtBuilder.java:207) ~[jjwt-impl-0.12.5.jar:0.12.5]
	at com.ecom.auth.authService.security.jwt.JwtUtils.generateToken(JwtUtils.java:47) ~[classes/:na]
	at com.ecom.auth.authService.security.jwt.JwtUtils.generateJwtCookie(JwtUtils.java:52) ~[classes/:na]
	at com.ecom.auth.authService.service.AuthServiceImpl.login(AuthServiceImpl.java:27) ~[classes/:na]
	at com.ecom.auth.authService.controller.AuthController.authenticateUser(AuthController.java:22) ~[classes/:na]
	at java.base/jdk.internal.reflect.DirectMethodHandleAccessor.invoke(DirectMethodHandleAccessor.java:104) ~[na:na]
	at java.base/java.lang.reflect.Method.invoke(Method.java:565) ~[na:na]
	at org.springframework.web.method.support.InvocableHandlerMethod.doInvoke(InvocableHandlerMethod.java:258) ~[spring-web-6.2.11.jar:6.2.11]
	at org.springframework.web.method.support.InvocableHandlerMethod.invokeForRequest(InvocableHandlerMethod.java:191) ~[spring-web-6.2.11.jar:6.2.11]
	at org.springframework.web.servlet.mvc.method.annotation.ServletInvocableHandlerMethod.invokeAndHandle(ServletInvocableHandlerMethod.java:118) ~[spring-webmvc-6.2.11.jar:6.2.11]
	at org.springframework.web.servlet.mvc.method.annotation.RequestMappingHandlerAdapter.invokeHandlerMethod(RequestMappingHandlerAdapter.java:991) ~[spring-webmvc-6.2.11.jar:6.2.11]
	at org.springframework.web.servlet.mvc.method.annotation.RequestMappingHandlerAdapter.handleInternal(RequestMappingHandlerAdapter.java:896) ~[spring-webmvc-6.2.11.jar:6.2.11]
	at org.springframework.web.servlet.mvc.method.AbstractHandlerMethodAdapter.handle(AbstractHandlerMethodAdapter.java:87) ~[spring-webmvc-6.2.11.jar:6.2.11]
	at org.springframework.web.servlet.DispatcherServlet.doDispatch(DispatcherServlet.java:1089) ~[spring-webmvc-6.2.11.jar:6.2.11]
	at org.springframework.web.servlet.DispatcherServlet.doService(DispatcherServlet.java:979) ~[spring-webmvc-6.2.11.jar:6.2.11]
	at org.springframework.web.servlet.FrameworkServlet.processRequest(FrameworkServlet.java:1014) ~[spring-webmvc-6.2.11.jar:6.2.11]
	at org.springframework.web.servlet.FrameworkServlet.doPost(FrameworkServlet.java:914) ~[spring-webmvc-6.2.11.jar:6.2.11]
	at jakarta.servlet.http.HttpServlet.service(HttpServlet.java:590) ~[tomcat-embed-core-10.1.46.jar:6.0]
	at org.springframework.web.servlet.FrameworkServlet.service(FrameworkServlet.java:885) ~[spring-webmvc-6.2.11.jar:6.2.11]
	at jakarta.servlet.http.HttpServlet.service(HttpServlet.java:658) ~[tomcat-embed-core-10.1.46.jar:6.0]
	at org.apache.catalina.core.ApplicationFilterChain.internalDoFilter(ApplicationFilterChain.java:195) ~[tomcat-embed-core-10.1.46.jar:10.1.46]
	at org.apache.catalina.core.ApplicationFilterChain.doFilter(ApplicationFilterChain.java:140) ~[tomcat-embed-core-10.1.46.jar:10.1.46]
	at org.apache.tomcat.websocket.server.WsFilter.doFilter(WsFilter.java:51) ~[tomcat-embed-websocket-10.1.46.jar:10.1.46]
	at org.apache.catalina.core.ApplicationFilterChain.internalDoFilter(ApplicationFilterChain.java:164) ~[tomcat-embed-core-10.1.46.jar:10.1.46]
	at org.apache.catalina.core.ApplicationFilterChain.doFilter(ApplicationFilterChain.java:140) ~[tomcat-embed-core-10.1.46.jar:10.1.46]
	at org.springframework.web.filter.RequestContextFilter.doFilterInternal(RequestContextFilter.java:100) ~[spring-web-6.2.11.jar:6.2.11]
	at org.springframework.web.filter.OncePerRequestFilter.doFilter(OncePerRequestFilter.java:116) ~[spring-web-6.2.11.jar:6.2.11]
	at org.apache.catalina.core.ApplicationFilterChain.internalDoFilter(ApplicationFilterChain.java:164) ~[tomcat-embed-core-10.1.46.jar:10.1.46]
	at org.apache.catalina.core.ApplicationFilterChain.doFilter(ApplicationFilterChain.java:140) ~[tomcat-embed-core-10.1.46.jar:10.1.46]
	at org.springframework.web.filter.FormContentFilter.doFilterInternal(FormContentFilter.java:93) ~[spring-web-6.2.11.jar:6.2.11]
	at org.springframework.web.filter.OncePerRequestFilter.doFilter(OncePerRequestFilter.java:116) ~[spring-web-6.2.11.jar:6.2.11]
	at org.apache.catalina.core.ApplicationFilterChain.internalDoFilter(ApplicationFilterChain.java:164) ~[tomcat-embed-core-10.1.46.jar:10.1.46]
	at org.apache.catalina.core.ApplicationFilterChain.doFilter(ApplicationFilterChain.java:140) ~[tomcat-embed-core-10.1.46.jar:10.1.46]
	at org.springframework.web.filter.ServerHttpObservationFilter.doFilterInternal(ServerHttpObservationFilter.java:110) ~[spring-web-6.2.11.jar:6.2.11]
	at org.springframework.web.filter.OncePerRequestFilter.doFilter(OncePerRequestFilter.java:116) ~[spring-web-6.2.11.jar:6.2.11]
	at org.apache.catalina.core.ApplicationFilterChain.internalDoFilter(ApplicationFilterChain.java:164) ~[tomcat-embed-core-10.1.46.jar:10.1.46]
	at org.apache.catalina.core.ApplicationFilterChain.doFilter(ApplicationFilterChain.java:140) ~[tomcat-embed-core-10.1.46.jar:10.1.46]
	at org.springframework.web.filter.CharacterEncodingFilter.doFilterInternal(CharacterEncodingFilter.java:201) ~[spring-web-6.2.11.jar:6.2.11]
	at org.springframework.web.filter.OncePerRequestFilter.doFilter(OncePerRequestFilter.java:116) ~[spring-web-6.2.11.jar:6.2.11]
	at org.apache.catalina.core.ApplicationFilterChain.internalDoFilter(ApplicationFilterChain.java:164) ~[tomcat-embed-core-10.1.46.jar:10.1.46]
	at org.apache.catalina.core.ApplicationFilterChain.doFilter(ApplicationFilterChain.java:140) ~[tomcat-embed-core-10.1.46.jar:10.1.46]
	at org.apache.catalina.core.StandardWrapperValve.invoke(StandardWrapperValve.java:167) ~[tomcat-embed-core-10.1.46.jar:10.1.46]
	at org.apache.catalina.core.StandardContextValve.invoke(StandardContextValve.java:90) ~[tomcat-embed-core-10.1.46.jar:10.1.46]
	at org.apache.catalina.authenticator.AuthenticatorBase.invoke(AuthenticatorBase.java:483) ~[tomcat-embed-core-10.1.46.jar:10.1.46]
	at org.apache.catalina.core.StandardHostValve.invoke(StandardHostValve.java:116) ~[tomcat-embed-core-10.1.46.jar:10.1.46]
	at org.apache.catalina.valves.ErrorReportValve.invoke(ErrorReportValve.java:93) ~[tomcat-embed-core-10.1.46.jar:10.1.46]
	at org.apache.catalina.core.StandardEngineValve.invoke(StandardEngineValve.java:74) ~[tomcat-embed-core-10.1.46.jar:10.1.46]
	at org.apache.catalina.connector.CoyoteAdapter.service(CoyoteAdapter.java:344) ~[tomcat-embed-core-10.1.46.jar:10.1.46]
	at org.apache.coyote.http11.Http11Processor.service(Http11Processor.java:398) ~[tomcat-embed-core-10.1.46.jar:10.1.46]
	at org.apache.coyote.AbstractProcessorLight.process(AbstractProcessorLight.java:63) ~[tomcat-embed-core-10.1.46.jar:10.1.46]
	at org.apache.coyote.AbstractProtocol$ConnectionHandler.process(AbstractProtocol.java:903) ~[tomcat-embed-core-10.1.46.jar:10.1.46]
	at org.apache.tomcat.util.net.NioEndpoint$SocketProcessor.doRun(NioEndpoint.java:1776) ~[tomcat-embed-core-10.1.46.jar:10.1.46]
	at org.apache.tomcat.util.net.SocketProcessorBase.run(SocketProcessorBase.java:52) ~[tomcat-embed-core-10.1.46.jar:10.1.46]
	at org.apache.tomcat.util.threads.ThreadPoolExecutor.runWorker(ThreadPoolExecutor.java:975) ~[tomcat-embed-core-10.1.46.jar:10.1.46]
	at org.apache.tomcat.util.threads.ThreadPoolExecutor$Worker.run(ThreadPoolExecutor.java:493) ~[tomcat-embed-core-10.1.46.jar:10.1.46]
	at org.apache.tomcat.util.threads.TaskThread$WrappingRunnable.run(TaskThread.java:63) ~[tomcat-embed-core-10.1.46.jar:10.1.46]
	at java.base/java.lang.Thread.run(Thread.java:1474) ~[na:na]

2025-09-21T13:49:42.182+07:00  INFO 22099 --- [auth-service] [AsyncResolver-bootstrap-executor-%d] [                                                 ] c.n.d.s.r.aws.ConfigClusterResolver      : Resolving eureka endpoints via configuration
2025-09-21T13:51:55.725+07:00  INFO 22099 --- [auth-service] [SpringApplicationShutdownHook] [                                                 ] o.s.c.n.e.s.EurekaServiceRegistry        : Unregistering application AUTH-SERVICE with eureka with status DOWN
2025-09-21T13:51:55.725+07:00  INFO 22099 --- [auth-service] [SpringApplicationShutdownHook] [                                                 ] com.netflix.discovery.DiscoveryClient    : Saw local status change event StatusChangeEvent [timestamp=1758437515725, current=DOWN, previous=UP]
2025-09-21T13:51:55.725+07:00  INFO 22099 --- [auth-service] [DiscoveryClient-InstanceInfoReplicator-%d] [                                                 ] com.netflix.discovery.DiscoveryClient    : DiscoveryClient_AUTH-SERVICE/archlinux:auth-service:8081: registering service...
2025-09-21T13:51:55.729+07:00  INFO 22099 --- [auth-service] [SpringApplicationShutdownHook] [                                                 ] o.s.b.w.e.tomcat.GracefulShutdown        : Commencing graceful shutdown. Waiting for active requests to complete
2025-09-21T13:51:55.737+07:00  INFO 22099 --- [auth-service] [tomcat-shutdown] [                                                 ] o.s.b.w.e.tomcat.GracefulShutdown        : Graceful shutdown complete
2025-09-21T13:51:55.750+07:00  INFO 22099 --- [auth-service] [DiscoveryClient-InstanceInfoReplicator-%d] [                                                 ] com.netflix.discovery.DiscoveryClient    : DiscoveryClient_AUTH-SERVICE/archlinux:auth-service:8081 - registration status: 204
2025-09-21T13:51:55.757+07:00  INFO 22099 --- [auth-service] [SpringApplicationShutdownHook] [                                                 ] j.LocalContainerEntityManagerFactoryBean : Closing JPA EntityManagerFactory for persistence unit 'default'
2025-09-21T13:51:55.761+07:00  INFO 22099 --- [auth-service] [SpringApplicationShutdownHook] [                                                 ] com.zaxxer.hikari.HikariDataSource       : HikariPool-1 - Shutdown initiated...
2025-09-21T13:51:55.763+07:00  INFO 22099 --- [auth-service] [SpringApplicationShutdownHook] [                                                 ] com.zaxxer.hikari.HikariDataSource       : HikariPool-1 - Shutdown completed.
2025-09-21T13:51:56.729+07:00  INFO 22099 --- [auth-service] [SpringApplicationShutdownHook] [                                                 ] com.netflix.discovery.DiscoveryClient    : Shutting down DiscoveryClient ...
2025-09-21T13:51:59.731+07:00  INFO 22099 --- [auth-service] [SpringApplicationShutdownHook] [                                                 ] com.netflix.discovery.DiscoveryClient    : Unregistering ...
2025-09-21T13:51:59.737+07:00  INFO 22099 --- [auth-service] [SpringApplicationShutdownHook] [                                                 ] com.netflix.discovery.DiscoveryClient    : DiscoveryClient_AUTH-SERVICE/archlinux:auth-service:8081 - deregister  status: 200
2025-09-21T13:51:59.738+07:00  INFO 22099 --- [auth-service] [SpringApplicationShutdownHook] [                                                 ] com.netflix.discovery.DiscoveryClient    : Completed shut down of DiscoveryClient
2025-09-21T13:52:54.575+07:00  INFO 26996 --- [auth-service] [main] [                                                 ] c.e.a.a.AuthServiceApplication           : Starting AuthServiceApplication using Java 25.0.1 with PID 26996 (/home/fragile/Desktop/platform-ecom/platform-ecom-backend/auth-services/target/classes started by fragile in /home/fragile/Desktop/platform-ecom)
2025-09-21T13:52:54.585+07:00  INFO 26996 --- [auth-service] [main] [                                                 ] c.e.a.a.AuthServiceApplication           : No active profile set, falling back to 1 default profile: "default"
2025-09-21T13:52:54.638+07:00  INFO 26996 --- [auth-service] [main] [                                                 ] o.s.c.c.c.ConfigServerConfigDataLoader   : Fetching config from server at : http://localhost:8888
2025-09-21T13:52:54.639+07:00  INFO 26996 --- [auth-service] [main] [                                                 ] o.s.c.c.c.ConfigServerConfigDataLoader   : Located environment: name=auth-service, profiles=[default], label=null, version=b63e2fef0376fda9dce17ddea872b17259a29f16, state=
2025-09-21T13:52:55.959+07:00  INFO 26996 --- [auth-service] [main] [                                                 ] .s.d.r.c.RepositoryConfigurationDelegate : Bootstrapping Spring Data JPA repositories in DEFAULT mode.
2025-09-21T13:52:56.113+07:00  INFO 26996 --- [auth-service] [main] [                                                 ] .s.d.r.c.RepositoryConfigurationDelegate : Finished Spring Data repository scanning in 142 ms. Found 1 JPA repository interface.
2025-09-21T13:52:56.398+07:00  INFO 26996 --- [auth-service] [main] [                                                 ] o.s.cloud.context.scope.GenericScope     : BeanFactory id=54c89296-be6a-3490-ace2-fcd8b215e6bb
2025-09-21T13:52:57.097+07:00  INFO 26996 --- [auth-service] [main] [                                                 ] o.s.b.w.embedded.tomcat.TomcatWebServer  : Tomcat initialized with port 8081 (http)
2025-09-21T13:52:57.116+07:00  INFO 26996 --- [auth-service] [main] [                                                 ] o.apache.catalina.core.StandardService   : Starting service [Tomcat]
2025-09-21T13:52:57.116+07:00  INFO 26996 --- [auth-service] [main] [                                                 ] o.apache.catalina.core.StandardEngine    : Starting Servlet engine: [Apache Tomcat/10.1.46]
2025-09-21T13:52:57.175+07:00  INFO 26996 --- [auth-service] [main] [                                                 ] o.a.c.c.C.[Tomcat].[localhost].[/]       : Initializing Spring embedded WebApplicationContext
2025-09-21T13:52:57.176+07:00  INFO 26996 --- [auth-service] [main] [                                                 ] w.s.c.ServletWebServerApplicationContext : Root WebApplicationContext: initialization completed in 2534 ms
2025-09-21T13:52:58.073+07:00  INFO 26996 --- [auth-service] [main] [                                                 ] o.hibernate.jpa.internal.util.LogHelper  : HHH000204: Processing PersistenceUnitInfo [name: default]
2025-09-21T13:52:58.152+07:00  INFO 26996 --- [auth-service] [main] [                                                 ] org.hibernate.Version                    : HHH000412: Hibernate ORM core version 6.6.29.Final
2025-09-21T13:52:58.211+07:00  INFO 26996 --- [auth-service] [main] [                                                 ] o.h.c.internal.RegionFactoryInitiator    : HHH000026: Second-level cache disabled
2025-09-21T13:52:58.651+07:00  INFO 26996 --- [auth-service] [main] [                                                 ] o.s.o.j.p.SpringPersistenceUnitInfo      : No LoadTimeWeaver setup: ignoring JPA class transformer
2025-09-21T13:52:58.713+07:00  INFO 26996 --- [auth-service] [main] [                                                 ] com.zaxxer.hikari.HikariDataSource       : HikariPool-1 - Starting...
2025-09-21T13:52:59.022+07:00  INFO 26996 --- [auth-service] [main] [                                                 ] com.zaxxer.hikari.pool.HikariPool        : HikariPool-1 - Added connection org.postgresql.jdbc.PgConnection@160cf225
2025-09-21T13:52:59.024+07:00  INFO 26996 --- [auth-service] [main] [                                                 ] com.zaxxer.hikari.HikariDataSource       : HikariPool-1 - Start completed.
2025-09-21T13:52:59.075+07:00  WARN 26996 --- [auth-service] [main] [                                                 ] org.hibernate.orm.deprecation            : HHH90000025: PostgreSQLDialect does not need to be specified explicitly using 'hibernate.dialect' (remove the property setting and it will be selected by default)
2025-09-21T13:52:59.111+07:00  INFO 26996 --- [auth-service] [main] [                                                 ] org.hibernate.orm.connections.pooling    : HHH10001005: Database info:
	Database JDBC URL [Connecting through datasource 'HikariDataSource (HikariPool-1)']
	Database driver: undefined/unknown
	Database version: 17.6
	Autocommit mode: undefined/unknown
	Isolation level: undefined/unknown
	Minimum pool size: undefined/unknown
	Maximum pool size: undefined/unknown
2025-09-21T13:53:00.194+07:00  INFO 26996 --- [auth-service] [main] [                                                 ] o.h.e.t.j.p.i.JtaPlatformInitiator       : HHH000489: No JTA platform available (set 'hibernate.transaction.jta.platform' to enable JTA platform integration)
2025-09-21T13:53:00.417+07:00  INFO 26996 --- [auth-service] [main] [                                                 ] j.LocalContainerEntityManagerFactoryBean : Initialized JPA EntityManagerFactory for persistence unit 'default'
2025-09-21T13:53:00.642+07:00  INFO 26996 --- [auth-service] [main] [                                                 ] o.s.d.j.r.query.QueryEnhancerFactory     : Hibernate is in classpath; If applicable, HQL parser will be used.
2025-09-21T13:53:01.140+07:00  WARN 26996 --- [auth-service] [main] [                                                 ] JpaBaseConfiguration$JpaWebConfiguration : spring.jpa.open-in-view is enabled by default. Therefore, database queries may be performed during view rendering. Explicitly configure spring.jpa.open-in-view to disable this warning
2025-09-21T13:53:02.027+07:00  INFO 26996 --- [auth-service] [main] [                                                 ] DiscoveryClientOptionalArgsConfiguration : Eureka HTTP Client uses RestTemplate.
2025-09-21T13:53:02.082+07:00  WARN 26996 --- [auth-service] [main] [                                                 ] iguration$LoadBalancerCaffeineWarnLogger : Spring Cloud LoadBalancer is currently working with the default cache. While this cache implementation is useful for development and tests, it's recommended to use Caffeine cache in production.You can switch to using Caffeine cache, by adding it and org.springframework.cache.caffeine.CaffeineCacheManager to the classpath.
2025-09-21T13:53:02.099+07:00  INFO 26996 --- [auth-service] [main] [                                                 ] o.s.b.a.e.web.EndpointLinksResolver      : Exposing 18 endpoints beneath base path '/actuator'
2025-09-21T13:53:02.295+07:00  INFO 26996 --- [auth-service] [main] [                                                 ] o.s.c.n.eureka.InstanceInfoFactory       : Setting initial instance status as: STARTING
2025-09-21T13:53:02.344+07:00  INFO 26996 --- [auth-service] [main] [                                                 ] com.netflix.discovery.DiscoveryClient    : Initializing Eureka in region us-east-1
2025-09-21T13:53:02.349+07:00  INFO 26996 --- [auth-service] [main] [                                                 ] c.n.d.s.r.aws.ConfigClusterResolver      : Resolving eureka endpoints via configuration
2025-09-21T13:53:02.362+07:00  INFO 26996 --- [auth-service] [main] [                                                 ] com.netflix.discovery.DiscoveryClient    : Disable delta property : false
2025-09-21T13:53:02.365+07:00  INFO 26996 --- [auth-service] [main] [                                                 ] com.netflix.discovery.DiscoveryClient    : Single vip registry refresh property : null
2025-09-21T13:53:02.365+07:00  INFO 26996 --- [auth-service] [main] [                                                 ] com.netflix.discovery.DiscoveryClient    : Force full registry fetch : false
2025-09-21T13:53:02.365+07:00  INFO 26996 --- [auth-service] [main] [                                                 ] com.netflix.discovery.DiscoveryClient    : Application is null : false
2025-09-21T13:53:02.366+07:00  INFO 26996 --- [auth-service] [main] [                                                 ] com.netflix.discovery.DiscoveryClient    : Registered Applications size is zero : true
2025-09-21T13:53:02.366+07:00  INFO 26996 --- [auth-service] [main] [                                                 ] com.netflix.discovery.DiscoveryClient    : Application version is -1: true
2025-09-21T13:53:02.366+07:00  INFO 26996 --- [auth-service] [main] [                                                 ] com.netflix.discovery.DiscoveryClient    : Getting all instance registry info from the eureka server
2025-09-21T13:53:02.753+07:00  INFO 26996 --- [auth-service] [main] [                                                 ] com.netflix.discovery.DiscoveryClient    : The response status is 200
2025-09-21T13:53:02.757+07:00  INFO 26996 --- [auth-service] [main] [                                                 ] com.netflix.discovery.DiscoveryClient    : Starting heartbeat executor: renew interval is: 30
2025-09-21T13:53:02.762+07:00  INFO 26996 --- [auth-service] [main] [                                                 ] c.n.discovery.InstanceInfoReplicator     : InstanceInfoReplicator onDemand update allowed rate per min is 4
2025-09-21T13:53:02.771+07:00  INFO 26996 --- [auth-service] [main] [                                                 ] com.netflix.discovery.DiscoveryClient    : Discovery Client initialized at timestamp 1758437582769 with initial instances count: 0
2025-09-21T13:53:02.783+07:00  INFO 26996 --- [auth-service] [main] [                                                 ] o.s.c.n.e.s.EurekaServiceRegistry        : Registering application AUTH-SERVICE with eureka with status UP
2025-09-21T13:53:02.786+07:00  INFO 26996 --- [auth-service] [main] [                                                 ] com.netflix.discovery.DiscoveryClient    : Saw local status change event StatusChangeEvent [timestamp=1758437582786, current=UP, previous=STARTING]
2025-09-21T13:53:02.792+07:00  INFO 26996 --- [auth-service] [DiscoveryClient-InstanceInfoReplicator-%d] [                                                 ] com.netflix.discovery.DiscoveryClient    : DiscoveryClient_AUTH-SERVICE/archlinux:auth-service:8081: registering service...
2025-09-21T13:53:02.820+07:00  INFO 26996 --- [auth-service] [main] [                                                 ] o.s.b.w.embedded.tomcat.TomcatWebServer  : Tomcat started on port 8081 (http) with context path '/'
2025-09-21T13:53:02.822+07:00  INFO 26996 --- [auth-service] [main] [                                                 ] .s.c.n.e.s.EurekaAutoServiceRegistration : Updating port to 8081
2025-09-21T13:53:02.858+07:00  INFO 26996 --- [auth-service] [DiscoveryClient-InstanceInfoReplicator-%d] [                                                 ] com.netflix.discovery.DiscoveryClient    : DiscoveryClient_AUTH-SERVICE/archlinux:auth-service:8081 - registration status: 204
2025-09-21T13:53:02.882+07:00  INFO 26996 --- [auth-service] [main] [                                                 ] c.e.a.a.AuthServiceApplication           : Started AuthServiceApplication in 17.721 seconds (process running for 18.198)
2025-09-21T13:53:32.757+07:00  INFO 26996 --- [auth-service] [DiscoveryClient-CacheRefreshExecutor-%d] [                                                 ] com.netflix.discovery.DiscoveryClient    : Disable delta property : false
2025-09-21T13:53:32.757+07:00  INFO 26996 --- [auth-service] [DiscoveryClient-CacheRefreshExecutor-%d] [                                                 ] com.netflix.discovery.DiscoveryClient    : Single vip registry refresh property : null
2025-09-21T13:53:32.757+07:00  INFO 26996 --- [auth-service] [DiscoveryClient-CacheRefreshExecutor-%d] [                                                 ] com.netflix.discovery.DiscoveryClient    : Force full registry fetch : false
2025-09-21T13:53:32.757+07:00  INFO 26996 --- [auth-service] [DiscoveryClient-CacheRefreshExecutor-%d] [                                                 ] com.netflix.discovery.DiscoveryClient    : Application is null : false
2025-09-21T13:53:32.757+07:00  INFO 26996 --- [auth-service] [DiscoveryClient-CacheRefreshExecutor-%d] [                                                 ] com.netflix.discovery.DiscoveryClient    : Registered Applications size is zero : true
2025-09-21T13:53:32.757+07:00  INFO 26996 --- [auth-service] [DiscoveryClient-CacheRefreshExecutor-%d] [                                                 ] com.netflix.discovery.DiscoveryClient    : Application version is -1: false
2025-09-21T13:53:32.757+07:00  INFO 26996 --- [auth-service] [DiscoveryClient-CacheRefreshExecutor-%d] [                                                 ] com.netflix.discovery.DiscoveryClient    : Getting all instance registry info from the eureka server
2025-09-21T13:53:32.785+07:00  INFO 26996 --- [auth-service] [DiscoveryClient-CacheRefreshExecutor-%d] [                                                 ] com.netflix.discovery.DiscoveryClient    : The response status is 200
2025-09-21T13:53:46.370+07:00  INFO 26996 --- [auth-service] [http-nio-8081-exec-1] [                                                 ] o.a.c.c.C.[Tomcat].[localhost].[/]       : Initializing Spring DispatcherServlet 'dispatcherServlet'
2025-09-21T13:53:46.370+07:00  INFO 26996 --- [auth-service] [http-nio-8081-exec-1] [                                                 ] o.s.web.servlet.DispatcherServlet        : Initializing Servlet 'dispatcherServlet'
2025-09-21T13:53:46.372+07:00  INFO 26996 --- [auth-service] [http-nio-8081-exec-1] [                                                 ] o.s.web.servlet.DispatcherServlet        : Completed initialization in 2 ms
2025-09-21T13:58:02.368+07:00  INFO 26996 --- [auth-service] [AsyncResolver-bootstrap-executor-%d] [                                                 ] c.n.d.s.r.aws.ConfigClusterResolver      : Resolving eureka endpoints via configuration
2025-09-21T14:00:25.404+07:00  INFO 26996 --- [auth-service] [SpringApplicationShutdownHook] [                                                 ] o.s.c.n.e.s.EurekaServiceRegistry        : Unregistering application AUTH-SERVICE with eureka with status DOWN
2025-09-21T14:00:25.405+07:00  INFO 26996 --- [auth-service] [SpringApplicationShutdownHook] [                                                 ] com.netflix.discovery.DiscoveryClient    : Saw local status change event StatusChangeEvent [timestamp=1758438025405, current=DOWN, previous=UP]
2025-09-21T14:00:25.405+07:00  INFO 26996 --- [auth-service] [DiscoveryClient-InstanceInfoReplicator-%d] [                                                 ] com.netflix.discovery.DiscoveryClient    : DiscoveryClient_AUTH-SERVICE/archlinux:auth-service:8081: registering service...
2025-09-21T14:00:25.412+07:00  INFO 26996 --- [auth-service] [SpringApplicationShutdownHook] [                                                 ] o.s.b.w.e.tomcat.GracefulShutdown        : Commencing graceful shutdown. Waiting for active requests to complete
2025-09-21T14:00:25.420+07:00  INFO 26996 --- [auth-service] [tomcat-shutdown] [                                                 ] o.s.b.w.e.tomcat.GracefulShutdown        : Graceful shutdown complete
2025-09-21T14:00:25.431+07:00  INFO 26996 --- [auth-service] [DiscoveryClient-InstanceInfoReplicator-%d] [                                                 ] com.netflix.discovery.DiscoveryClient    : DiscoveryClient_AUTH-SERVICE/archlinux:auth-service:8081 - registration status: 204
2025-09-21T14:00:25.434+07:00  INFO 26996 --- [auth-service] [SpringApplicationShutdownHook] [                                                 ] j.LocalContainerEntityManagerFactoryBean : Closing JPA EntityManagerFactory for persistence unit 'default'
2025-09-21T14:00:25.437+07:00  INFO 26996 --- [auth-service] [SpringApplicationShutdownHook] [                                                 ] com.zaxxer.hikari.HikariDataSource       : HikariPool-1 - Shutdown initiated...
2025-09-21T14:00:25.444+07:00  INFO 26996 --- [auth-service] [SpringApplicationShutdownHook] [                                                 ] com.zaxxer.hikari.HikariDataSource       : HikariPool-1 - Shutdown completed.
2025-09-21T14:00:26.035+07:00  INFO 26996 --- [auth-service] [SpringApplicationShutdownHook] [                                                 ] com.netflix.discovery.DiscoveryClient    : Shutting down DiscoveryClient ...
2025-09-21T14:00:29.036+07:00  INFO 26996 --- [auth-service] [SpringApplicationShutdownHook] [                                                 ] com.netflix.discovery.DiscoveryClient    : Unregistering ...
2025-09-21T14:00:29.041+07:00  INFO 26996 --- [auth-service] [SpringApplicationShutdownHook] [                                                 ] com.netflix.discovery.DiscoveryClient    : DiscoveryClient_AUTH-SERVICE/archlinux:auth-service:8081 - deregister  status: 200
2025-09-21T14:00:29.041+07:00  INFO 26996 --- [auth-service] [SpringApplicationShutdownHook] [                                                 ] com.netflix.discovery.DiscoveryClient    : Completed shut down of DiscoveryClient
2025-09-21T14:57:36.771+07:00  INFO 57726 --- [auth-service] [main] [                                                 ] c.e.a.a.AuthServiceApplication           : Starting AuthServiceApplication using Java 25.0.1 with PID 57726 (/home/fragile/Desktop/platform-ecom/platform-ecom-backend/auth-services/target/classes started by fragile in /home/fragile/Desktop/platform-ecom)
2025-09-21T14:57:36.789+07:00  INFO 57726 --- [auth-service] [main] [                                                 ] c.e.a.a.AuthServiceApplication           : No active profile set, falling back to 1 default profile: "default"
2025-09-21T14:57:36.893+07:00  INFO 57726 --- [auth-service] [main] [                                                 ] o.s.c.c.c.ConfigServerConfigDataLoader   : Fetching config from server at : http://localhost:8888
2025-09-21T14:57:36.894+07:00  INFO 57726 --- [auth-service] [main] [                                                 ] o.s.c.c.c.ConfigServerConfigDataLoader   : Located environment: name=auth-service, profiles=[default], label=null, version=87c32c792c8d9b337c9ac7a195006944467e9ddd, state=
2025-09-21T14:57:39.645+07:00  INFO 57726 --- [auth-service] [main] [                                                 ] .s.d.r.c.RepositoryConfigurationDelegate : Bootstrapping Spring Data JPA repositories in DEFAULT mode.
2025-09-21T14:57:39.955+07:00  INFO 57726 --- [auth-service] [main] [                                                 ] .s.d.r.c.RepositoryConfigurationDelegate : Finished Spring Data repository scanning in 295 ms. Found 1 JPA repository interface.
2025-09-21T14:57:40.429+07:00  INFO 57726 --- [auth-service] [main] [                                                 ] o.s.cloud.context.scope.GenericScope     : BeanFactory id=54c89296-be6a-3490-ace2-fcd8b215e6bb
2025-09-21T14:57:41.437+07:00  INFO 57726 --- [auth-service] [main] [                                                 ] o.s.b.w.embedded.tomcat.TomcatWebServer  : Tomcat initialized with port 8081 (http)
2025-09-21T14:57:41.459+07:00  INFO 57726 --- [auth-service] [main] [                                                 ] o.apache.catalina.core.StandardService   : Starting service [Tomcat]
2025-09-21T14:57:41.459+07:00  INFO 57726 --- [auth-service] [main] [                                                 ] o.apache.catalina.core.StandardEngine    : Starting Servlet engine: [Apache Tomcat/10.1.46]
2025-09-21T14:57:41.531+07:00  INFO 57726 --- [auth-service] [main] [                                                 ] o.a.c.c.C.[Tomcat].[localhost].[/]       : Initializing Spring embedded WebApplicationContext
2025-09-21T14:57:41.532+07:00  INFO 57726 --- [auth-service] [main] [                                                 ] w.s.c.ServletWebServerApplicationContext : Root WebApplicationContext: initialization completed in 4636 ms
2025-09-21T14:57:42.918+07:00  INFO 57726 --- [auth-service] [main] [                                                 ] o.hibernate.jpa.internal.util.LogHelper  : HHH000204: Processing PersistenceUnitInfo [name: default]
2025-09-21T14:57:43.092+07:00  INFO 57726 --- [auth-service] [main] [                                                 ] org.hibernate.Version                    : HHH000412: Hibernate ORM core version 6.6.29.Final
2025-09-21T14:57:43.184+07:00  INFO 57726 --- [auth-service] [main] [                                                 ] o.h.c.internal.RegionFactoryInitiator    : HHH000026: Second-level cache disabled
2025-09-21T14:57:43.928+07:00  INFO 57726 --- [auth-service] [main] [                                                 ] o.s.o.j.p.SpringPersistenceUnitInfo      : No LoadTimeWeaver setup: ignoring JPA class transformer
2025-09-21T14:57:43.980+07:00  INFO 57726 --- [auth-service] [main] [                                                 ] com.zaxxer.hikari.HikariDataSource       : HikariPool-1 - Starting...
2025-09-21T14:57:44.398+07:00  INFO 57726 --- [auth-service] [main] [                                                 ] com.zaxxer.hikari.pool.HikariPool        : HikariPool-1 - Added connection org.postgresql.jdbc.PgConnection@3c2fa57a
2025-09-21T14:57:44.408+07:00  INFO 57726 --- [auth-service] [main] [                                                 ] com.zaxxer.hikari.HikariDataSource       : HikariPool-1 - Start completed.
2025-09-21T14:57:44.535+07:00  WARN 57726 --- [auth-service] [main] [                                                 ] org.hibernate.orm.deprecation            : HHH90000025: PostgreSQLDialect does not need to be specified explicitly using 'hibernate.dialect' (remove the property setting and it will be selected by default)
2025-09-21T14:57:44.600+07:00  INFO 57726 --- [auth-service] [main] [                                                 ] org.hibernate.orm.connections.pooling    : HHH10001005: Database info:
	Database JDBC URL [Connecting through datasource 'HikariDataSource (HikariPool-1)']
	Database driver: undefined/unknown
	Database version: 17.6
	Autocommit mode: undefined/unknown
	Isolation level: undefined/unknown
	Minimum pool size: undefined/unknown
	Maximum pool size: undefined/unknown
2025-09-21T14:57:46.735+07:00  INFO 57726 --- [auth-service] [main] [                                                 ] o.h.e.t.j.p.i.JtaPlatformInitiator       : HHH000489: No JTA platform available (set 'hibernate.transaction.jta.platform' to enable JTA platform integration)
2025-09-21T14:57:47.467+07:00  INFO 57726 --- [auth-service] [main] [                                                 ] j.LocalContainerEntityManagerFactoryBean : Initialized JPA EntityManagerFactory for persistence unit 'default'
2025-09-21T14:57:48.120+07:00  INFO 57726 --- [auth-service] [main] [                                                 ] o.s.d.j.r.query.QueryEnhancerFactory     : Hibernate is in classpath; If applicable, HQL parser will be used.
2025-09-21T14:57:48.924+07:00  WARN 57726 --- [auth-service] [main] [                                                 ] JpaBaseConfiguration$JpaWebConfiguration : spring.jpa.open-in-view is enabled by default. Therefore, database queries may be performed during view rendering. Explicitly configure spring.jpa.open-in-view to disable this warning
2025-09-21T14:57:50.056+07:00  INFO 57726 --- [auth-service] [main] [                                                 ] DiscoveryClientOptionalArgsConfiguration : Eureka HTTP Client uses RestTemplate.
2025-09-21T14:57:50.137+07:00  WARN 57726 --- [auth-service] [main] [                                                 ] iguration$LoadBalancerCaffeineWarnLogger : Spring Cloud LoadBalancer is currently working with the default cache. While this cache implementation is useful for development and tests, it's recommended to use Caffeine cache in production.You can switch to using Caffeine cache, by adding it and org.springframework.cache.caffeine.CaffeineCacheManager to the classpath.
2025-09-21T14:57:50.156+07:00  INFO 57726 --- [auth-service] [main] [                                                 ] o.s.b.a.e.web.EndpointLinksResolver      : Exposing 18 endpoints beneath base path '/actuator'
2025-09-21T14:57:50.351+07:00  INFO 57726 --- [auth-service] [main] [                                                 ] o.s.c.n.eureka.InstanceInfoFactory       : Setting initial instance status as: STARTING
2025-09-21T14:57:50.381+07:00  INFO 57726 --- [auth-service] [main] [                                                 ] com.netflix.discovery.DiscoveryClient    : Initializing Eureka in region us-east-1
2025-09-21T14:57:50.386+07:00  INFO 57726 --- [auth-service] [main] [                                                 ] c.n.d.s.r.aws.ConfigClusterResolver      : Resolving eureka endpoints via configuration
2025-09-21T14:57:50.398+07:00  INFO 57726 --- [auth-service] [main] [                                                 ] com.netflix.discovery.DiscoveryClient    : Disable delta property : false
2025-09-21T14:57:50.401+07:00  INFO 57726 --- [auth-service] [main] [                                                 ] com.netflix.discovery.DiscoveryClient    : Single vip registry refresh property : null
2025-09-21T14:57:50.402+07:00  INFO 57726 --- [auth-service] [main] [                                                 ] com.netflix.discovery.DiscoveryClient    : Force full registry fetch : false
2025-09-21T14:57:50.403+07:00  INFO 57726 --- [auth-service] [main] [                                                 ] com.netflix.discovery.DiscoveryClient    : Application is null : false
2025-09-21T14:57:50.403+07:00  INFO 57726 --- [auth-service] [main] [                                                 ] com.netflix.discovery.DiscoveryClient    : Registered Applications size is zero : true
2025-09-21T14:57:50.403+07:00  INFO 57726 --- [auth-service] [main] [                                                 ] com.netflix.discovery.DiscoveryClient    : Application version is -1: true
2025-09-21T14:57:50.404+07:00  INFO 57726 --- [auth-service] [main] [                                                 ] com.netflix.discovery.DiscoveryClient    : Getting all instance registry info from the eureka server
2025-09-21T14:57:50.746+07:00  INFO 57726 --- [auth-service] [main] [                                                 ] com.netflix.discovery.DiscoveryClient    : The response status is 200
2025-09-21T14:57:50.750+07:00  INFO 57726 --- [auth-service] [main] [                                                 ] com.netflix.discovery.DiscoveryClient    : Starting heartbeat executor: renew interval is: 30
2025-09-21T14:57:50.752+07:00  INFO 57726 --- [auth-service] [main] [                                                 ] c.n.discovery.InstanceInfoReplicator     : InstanceInfoReplicator onDemand update allowed rate per min is 4
2025-09-21T14:57:50.754+07:00  INFO 57726 --- [auth-service] [main] [                                                 ] com.netflix.discovery.DiscoveryClient    : Discovery Client initialized at timestamp 1758441470753 with initial instances count: 0
2025-09-21T14:57:50.757+07:00  INFO 57726 --- [auth-service] [main] [                                                 ] o.s.c.n.e.s.EurekaServiceRegistry        : Registering application AUTH-SERVICE with eureka with status UP
2025-09-21T14:57:50.758+07:00  INFO 57726 --- [auth-service] [main] [                                                 ] com.netflix.discovery.DiscoveryClient    : Saw local status change event StatusChangeEvent [timestamp=1758441470758, current=UP, previous=STARTING]
2025-09-21T14:57:50.760+07:00  INFO 57726 --- [auth-service] [DiscoveryClient-InstanceInfoReplicator-%d] [                                                 ] com.netflix.discovery.DiscoveryClient    : DiscoveryClient_AUTH-SERVICE/archlinux:auth-service:8081: registering service...
2025-09-21T14:57:50.773+07:00  INFO 57726 --- [auth-service] [main] [                                                 ] o.s.b.w.embedded.tomcat.TomcatWebServer  : Tomcat started on port 8081 (http) with context path '/'
2025-09-21T14:57:50.777+07:00  INFO 57726 --- [auth-service] [main] [                                                 ] .s.c.n.e.s.EurekaAutoServiceRegistration : Updating port to 8081
2025-09-21T14:57:50.808+07:00  INFO 57726 --- [auth-service] [main] [                                                 ] c.e.a.a.AuthServiceApplication           : Started AuthServiceApplication in 23.691 seconds (process running for 24.406)
2025-09-21T14:57:50.810+07:00  INFO 57726 --- [auth-service] [DiscoveryClient-InstanceInfoReplicator-%d] [                                                 ] com.netflix.discovery.DiscoveryClient    : DiscoveryClient_AUTH-SERVICE/archlinux:auth-service:8081 - registration status: 204
2025-09-21T14:58:20.748+07:00  INFO 57726 --- [auth-service] [DiscoveryClient-CacheRefreshExecutor-%d] [                                                 ] com.netflix.discovery.DiscoveryClient    : Disable delta property : false
2025-09-21T14:58:20.748+07:00  INFO 57726 --- [auth-service] [DiscoveryClient-CacheRefreshExecutor-%d] [                                                 ] com.netflix.discovery.DiscoveryClient    : Single vip registry refresh property : null
2025-09-21T14:58:20.748+07:00  INFO 57726 --- [auth-service] [DiscoveryClient-CacheRefreshExecutor-%d] [                                                 ] com.netflix.discovery.DiscoveryClient    : Force full registry fetch : false
2025-09-21T14:58:20.748+07:00  INFO 57726 --- [auth-service] [DiscoveryClient-CacheRefreshExecutor-%d] [                                                 ] com.netflix.discovery.DiscoveryClient    : Application is null : false
2025-09-21T14:58:20.748+07:00  INFO 57726 --- [auth-service] [DiscoveryClient-CacheRefreshExecutor-%d] [                                                 ] com.netflix.discovery.DiscoveryClient    : Registered Applications size is zero : true
2025-09-21T14:58:20.748+07:00  INFO 57726 --- [auth-service] [DiscoveryClient-CacheRefreshExecutor-%d] [                                                 ] com.netflix.discovery.DiscoveryClient    : Application version is -1: false
2025-09-21T14:58:20.748+07:00  INFO 57726 --- [auth-service] [DiscoveryClient-CacheRefreshExecutor-%d] [                                                 ] com.netflix.discovery.DiscoveryClient    : Getting all instance registry info from the eureka server
2025-09-21T14:58:20.761+07:00  INFO 57726 --- [auth-service] [DiscoveryClient-CacheRefreshExecutor-%d] [                                                 ] com.netflix.discovery.DiscoveryClient    : The response status is 200
2025-09-21T15:02:50.406+07:00  INFO 57726 --- [auth-service] [AsyncResolver-bootstrap-executor-%d] [                                                 ] c.n.d.s.r.aws.ConfigClusterResolver      : Resolving eureka endpoints via configuration
2025-09-21T15:07:50.406+07:00  INFO 57726 --- [auth-service] [AsyncResolver-bootstrap-executor-%d] [                                                 ] c.n.d.s.r.aws.ConfigClusterResolver      : Resolving eureka endpoints via configuration
2025-09-21T15:12:50.407+07:00  INFO 57726 --- [auth-service] [AsyncResolver-bootstrap-executor-%d] [                                                 ] c.n.d.s.r.aws.ConfigClusterResolver      : Resolving eureka endpoints via configuration
2025-09-21T15:17:50.408+07:00  INFO 57726 --- [auth-service] [AsyncResolver-bootstrap-executor-%d] [                                                 ] c.n.d.s.r.aws.ConfigClusterResolver      : Resolving eureka endpoints via configuration
2025-09-21T15:20:22.594+07:00  INFO 57726 --- [auth-service] [http-nio-8081-exec-1] [                                                 ] o.a.c.c.C.[Tomcat].[localhost].[/]       : Initializing Spring DispatcherServlet 'dispatcherServlet'
2025-09-21T15:20:22.594+07:00  INFO 57726 --- [auth-service] [http-nio-8081-exec-1] [                                                 ] o.s.web.servlet.DispatcherServlet        : Initializing Servlet 'dispatcherServlet'
2025-09-21T15:20:22.596+07:00  INFO 57726 --- [auth-service] [http-nio-8081-exec-1] [                                                 ] o.s.web.servlet.DispatcherServlet        : Completed initialization in 1 ms
2025-09-21T15:22:50.408+07:00  INFO 57726 --- [auth-service] [AsyncResolver-bootstrap-executor-%d] [                                                 ] c.n.d.s.r.aws.ConfigClusterResolver      : Resolving eureka endpoints via configuration
2025-09-21T15:27:50.409+07:00  INFO 57726 --- [auth-service] [AsyncResolver-bootstrap-executor-%d] [                                                 ] c.n.d.s.r.aws.ConfigClusterResolver      : Resolving eureka endpoints via configuration
2025-09-21T15:32:50.409+07:00  INFO 57726 --- [auth-service] [AsyncResolver-bootstrap-executor-%d] [                                                 ] c.n.d.s.r.aws.ConfigClusterResolver      : Resolving eureka endpoints via configuration
2025-09-21T15:37:50.410+07:00  INFO 57726 --- [auth-service] [AsyncResolver-bootstrap-executor-%d] [                                                 ] c.n.d.s.r.aws.ConfigClusterResolver      : Resolving eureka endpoints via configuration
2025-09-21T15:42:50.410+07:00  INFO 57726 --- [auth-service] [AsyncResolver-bootstrap-executor-%d] [                                                 ] c.n.d.s.r.aws.ConfigClusterResolver      : Resolving eureka endpoints via configuration
2025-09-21T15:47:50.411+07:00  INFO 57726 --- [auth-service] [AsyncResolver-bootstrap-executor-%d] [                                                 ] c.n.d.s.r.aws.ConfigClusterResolver      : Resolving eureka endpoints via configuration
2025-09-21T15:52:50.411+07:00  INFO 57726 --- [auth-service] [AsyncResolver-bootstrap-executor-%d] [                                                 ] c.n.d.s.r.aws.ConfigClusterResolver      : Resolving eureka endpoints via configuration
2025-09-21T15:57:25.903+07:00  INFO 57726 --- [auth-service] [SpringApplicationShutdownHook] [                                                 ] o.s.c.n.e.s.EurekaServiceRegistry        : Unregistering application AUTH-SERVICE with eureka with status DOWN
2025-09-21T15:57:25.904+07:00  INFO 57726 --- [auth-service] [SpringApplicationShutdownHook] [                                                 ] com.netflix.discovery.DiscoveryClient    : Saw local status change event StatusChangeEvent [timestamp=1758445045904, current=DOWN, previous=UP]
2025-09-21T15:57:25.906+07:00  INFO 57726 --- [auth-service] [DiscoveryClient-InstanceInfoReplicator-%d] [                                                 ] com.netflix.discovery.DiscoveryClient    : DiscoveryClient_AUTH-SERVICE/archlinux:auth-service:8081: registering service...
2025-09-21T15:57:25.910+07:00  INFO 57726 --- [auth-service] [SpringApplicationShutdownHook] [                                                 ] o.s.b.w.e.tomcat.GracefulShutdown        : Commencing graceful shutdown. Waiting for active requests to complete
2025-09-21T15:57:25.920+07:00  INFO 57726 --- [auth-service] [tomcat-shutdown] [                                                 ] o.s.b.w.e.tomcat.GracefulShutdown        : Graceful shutdown complete
2025-09-21T15:57:25.925+07:00  INFO 57726 --- [auth-service] [DiscoveryClient-InstanceInfoReplicator-%d] [                                                 ] com.netflix.discovery.DiscoveryClient    : DiscoveryClient_AUTH-SERVICE/archlinux:auth-service:8081 - registration status: 204
2025-09-21T15:57:25.934+07:00  INFO 57726 --- [auth-service] [SpringApplicationShutdownHook] [                                                 ] j.LocalContainerEntityManagerFactoryBean : Closing JPA EntityManagerFactory for persistence unit 'default'
2025-09-21T15:57:25.938+07:00  INFO 57726 --- [auth-service] [SpringApplicationShutdownHook] [                                                 ] com.zaxxer.hikari.HikariDataSource       : HikariPool-1 - Shutdown initiated...
2025-09-21T15:57:25.954+07:00  INFO 57726 --- [auth-service] [SpringApplicationShutdownHook] [                                                 ] com.zaxxer.hikari.HikariDataSource       : HikariPool-1 - Shutdown completed.
2025-09-21T15:57:26.859+07:00  INFO 57726 --- [auth-service] [SpringApplicationShutdownHook] [                                                 ] com.netflix.discovery.DiscoveryClient    : Shutting down DiscoveryClient ...
2025-09-21T15:57:29.860+07:00  INFO 57726 --- [auth-service] [SpringApplicationShutdownHook] [                                                 ] com.netflix.discovery.DiscoveryClient    : Unregistering ...
2025-09-21T15:57:29.864+07:00  INFO 57726 --- [auth-service] [SpringApplicationShutdownHook] [                                                 ] com.netflix.discovery.DiscoveryClient    : DiscoveryClient_AUTH-SERVICE/archlinux:auth-service:8081 - deregister  status: 200
2025-09-21T15:57:29.864+07:00  INFO 57726 --- [auth-service] [SpringApplicationShutdownHook] [                                                 ] com.netflix.discovery.DiscoveryClient    : Completed shut down of DiscoveryClient
2025-09-21T15:58:24.991+07:00  INFO 90848 --- [auth-service] [main] [                                                 ] c.e.a.a.AuthServiceApplication           : Starting AuthServiceApplication using Java 25.0.1 with PID 90848 (/home/fragile/Desktop/platform-ecom/platform-ecom-backend/auth-services/target/classes started by fragile in /home/fragile/Desktop/platform-ecom)
2025-09-21T15:58:24.994+07:00  INFO 90848 --- [auth-service] [main] [                                                 ] c.e.a.a.AuthServiceApplication           : No active profile set, falling back to 1 default profile: "default"
2025-09-21T15:58:25.032+07:00  INFO 90848 --- [auth-service] [main] [                                                 ] o.s.c.c.c.ConfigServerConfigDataLoader   : Fetching config from server at : http://localhost:8888
2025-09-21T15:58:25.032+07:00  INFO 90848 --- [auth-service] [main] [                                                 ] o.s.c.c.c.ConfigServerConfigDataLoader   : Located environment: name=auth-service, profiles=[default], label=null, version=87c32c792c8d9b337c9ac7a195006944467e9ddd, state=
2025-09-21T15:58:26.062+07:00  INFO 90848 --- [auth-service] [main] [                                                 ] .s.d.r.c.RepositoryConfigurationDelegate : Bootstrapping Spring Data JPA repositories in DEFAULT mode.
2025-09-21T15:58:26.251+07:00  INFO 90848 --- [auth-service] [main] [                                                 ] .s.d.r.c.RepositoryConfigurationDelegate : Finished Spring Data repository scanning in 177 ms. Found 1 JPA repository interface.
2025-09-21T15:58:26.566+07:00  INFO 90848 --- [auth-service] [main] [                                                 ] o.s.cloud.context.scope.GenericScope     : BeanFactory id=54c89296-be6a-3490-ace2-fcd8b215e6bb
2025-09-21T15:58:27.340+07:00  INFO 90848 --- [auth-service] [main] [                                                 ] o.s.b.w.embedded.tomcat.TomcatWebServer  : Tomcat initialized with port 8081 (http)
2025-09-21T15:58:27.361+07:00  INFO 90848 --- [auth-service] [main] [                                                 ] o.apache.catalina.core.StandardService   : Starting service [Tomcat]
2025-09-21T15:58:27.362+07:00  INFO 90848 --- [auth-service] [main] [                                                 ] o.apache.catalina.core.StandardEngine    : Starting Servlet engine: [Apache Tomcat/10.1.46]
2025-09-21T15:58:27.445+07:00  INFO 90848 --- [auth-service] [main] [                                                 ] o.a.c.c.C.[Tomcat].[localhost].[/]       : Initializing Spring embedded WebApplicationContext
2025-09-21T15:58:27.446+07:00  INFO 90848 --- [auth-service] [main] [                                                 ] w.s.c.ServletWebServerApplicationContext : Root WebApplicationContext: initialization completed in 2412 ms
2025-09-21T15:58:28.584+07:00  INFO 90848 --- [auth-service] [main] [                                                 ] o.hibernate.jpa.internal.util.LogHelper  : HHH000204: Processing PersistenceUnitInfo [name: default]
2025-09-21T15:58:28.646+07:00  INFO 90848 --- [auth-service] [main] [                                                 ] org.hibernate.Version                    : HHH000412: Hibernate ORM core version 6.6.29.Final
2025-09-21T15:58:28.682+07:00  INFO 90848 --- [auth-service] [main] [                                                 ] o.h.c.internal.RegionFactoryInitiator    : HHH000026: Second-level cache disabled
2025-09-21T15:58:29.188+07:00  INFO 90848 --- [auth-service] [main] [                                                 ] o.s.o.j.p.SpringPersistenceUnitInfo      : No LoadTimeWeaver setup: ignoring JPA class transformer
2025-09-21T15:58:29.225+07:00  INFO 90848 --- [auth-service] [main] [                                                 ] com.zaxxer.hikari.HikariDataSource       : HikariPool-1 - Starting...
2025-09-21T15:58:29.582+07:00  INFO 90848 --- [auth-service] [main] [                                                 ] com.zaxxer.hikari.pool.HikariPool        : HikariPool-1 - Added connection org.postgresql.jdbc.PgConnection@6ae6a77b
2025-09-21T15:58:29.587+07:00  INFO 90848 --- [auth-service] [main] [                                                 ] com.zaxxer.hikari.HikariDataSource       : HikariPool-1 - Start completed.
2025-09-21T15:58:29.686+07:00  WARN 90848 --- [auth-service] [main] [                                                 ] org.hibernate.orm.deprecation            : HHH90000025: PostgreSQLDialect does not need to be specified explicitly using 'hibernate.dialect' (remove the property setting and it will be selected by default)
2025-09-21T15:58:29.760+07:00  INFO 90848 --- [auth-service] [main] [                                                 ] org.hibernate.orm.connections.pooling    : HHH10001005: Database info:
	Database JDBC URL [Connecting through datasource 'HikariDataSource (HikariPool-1)']
	Database driver: undefined/unknown
	Database version: 17.6
	Autocommit mode: undefined/unknown
	Isolation level: undefined/unknown
	Minimum pool size: undefined/unknown
	Maximum pool size: undefined/unknown
2025-09-21T15:58:32.908+07:00  INFO 90848 --- [auth-service] [main] [                                                 ] o.h.e.t.j.p.i.JtaPlatformInitiator       : HHH000489: No JTA platform available (set 'hibernate.transaction.jta.platform' to enable JTA platform integration)
2025-09-21T15:58:33.954+07:00  INFO 90848 --- [auth-service] [main] [                                                 ] j.LocalContainerEntityManagerFactoryBean : Initialized JPA EntityManagerFactory for persistence unit 'default'
2025-09-21T15:58:34.798+07:00  INFO 90848 --- [auth-service] [main] [                                                 ] o.s.d.j.r.query.QueryEnhancerFactory     : Hibernate is in classpath; If applicable, HQL parser will be used.
2025-09-21T15:58:36.000+07:00  WARN 90848 --- [auth-service] [main] [                                                 ] JpaBaseConfiguration$JpaWebConfiguration : spring.jpa.open-in-view is enabled by default. Therefore, database queries may be performed during view rendering. Explicitly configure spring.jpa.open-in-view to disable this warning
2025-09-21T15:58:37.487+07:00  INFO 90848 --- [auth-service] [main] [                                                 ] DiscoveryClientOptionalArgsConfiguration : Eureka HTTP Client uses RestTemplate.
2025-09-21T15:58:37.589+07:00  WARN 90848 --- [auth-service] [main] [                                                 ] iguration$LoadBalancerCaffeineWarnLogger : Spring Cloud LoadBalancer is currently working with the default cache. While this cache implementation is useful for development and tests, it's recommended to use Caffeine cache in production.You can switch to using Caffeine cache, by adding it and org.springframework.cache.caffeine.CaffeineCacheManager to the classpath.
2025-09-21T15:58:37.615+07:00  INFO 90848 --- [auth-service] [main] [                                                 ] o.s.b.a.e.web.EndpointLinksResolver      : Exposing 18 endpoints beneath base path '/actuator'
2025-09-21T15:58:37.873+07:00  INFO 90848 --- [auth-service] [main] [                                                 ] o.s.c.n.eureka.InstanceInfoFactory       : Setting initial instance status as: STARTING
2025-09-21T15:58:37.915+07:00  INFO 90848 --- [auth-service] [main] [                                                 ] com.netflix.discovery.DiscoveryClient    : Initializing Eureka in region us-east-1
2025-09-21T15:58:37.918+07:00  INFO 90848 --- [auth-service] [main] [                                                 ] c.n.d.s.r.aws.ConfigClusterResolver      : Resolving eureka endpoints via configuration
2025-09-21T15:58:37.933+07:00  INFO 90848 --- [auth-service] [main] [                                                 ] com.netflix.discovery.DiscoveryClient    : Disable delta property : false
2025-09-21T15:58:37.934+07:00  INFO 90848 --- [auth-service] [main] [                                                 ] com.netflix.discovery.DiscoveryClient    : Single vip registry refresh property : null
2025-09-21T15:58:37.936+07:00  INFO 90848 --- [auth-service] [main] [                                                 ] com.netflix.discovery.DiscoveryClient    : Force full registry fetch : false
2025-09-21T15:58:37.938+07:00  INFO 90848 --- [auth-service] [main] [                                                 ] com.netflix.discovery.DiscoveryClient    : Application is null : false
2025-09-21T15:58:37.938+07:00  INFO 90848 --- [auth-service] [main] [                                                 ] com.netflix.discovery.DiscoveryClient    : Registered Applications size is zero : true
2025-09-21T15:58:37.939+07:00  INFO 90848 --- [auth-service] [main] [                                                 ] com.netflix.discovery.DiscoveryClient    : Application version is -1: true
2025-09-21T15:58:37.939+07:00  INFO 90848 --- [auth-service] [main] [                                                 ] com.netflix.discovery.DiscoveryClient    : Getting all instance registry info from the eureka server
2025-09-21T15:58:38.515+07:00  INFO 90848 --- [auth-service] [main] [                                                 ] com.netflix.discovery.DiscoveryClient    : The response status is 200
2025-09-21T15:58:38.521+07:00  INFO 90848 --- [auth-service] [main] [                                                 ] com.netflix.discovery.DiscoveryClient    : Starting heartbeat executor: renew interval is: 30
2025-09-21T15:58:38.527+07:00  INFO 90848 --- [auth-service] [main] [                                                 ] c.n.discovery.InstanceInfoReplicator     : InstanceInfoReplicator onDemand update allowed rate per min is 4
2025-09-21T15:58:38.529+07:00  INFO 90848 --- [auth-service] [main] [                                                 ] com.netflix.discovery.DiscoveryClient    : Discovery Client initialized at timestamp 1758445118529 with initial instances count: 1
2025-09-21T15:58:38.534+07:00  INFO 90848 --- [auth-service] [main] [                                                 ] o.s.c.n.e.s.EurekaServiceRegistry        : Registering application AUTH-SERVICE with eureka with status UP
2025-09-21T15:58:38.535+07:00  INFO 90848 --- [auth-service] [main] [                                                 ] com.netflix.discovery.DiscoveryClient    : Saw local status change event StatusChangeEvent [timestamp=1758445118535, current=UP, previous=STARTING]
2025-09-21T15:58:38.539+07:00  INFO 90848 --- [auth-service] [DiscoveryClient-InstanceInfoReplicator-%d] [                                                 ] com.netflix.discovery.DiscoveryClient    : DiscoveryClient_AUTH-SERVICE/archlinux:auth-service:8081: registering service...
2025-09-21T15:58:38.611+07:00  INFO 90848 --- [auth-service] [main] [                                                 ] o.s.b.w.embedded.tomcat.TomcatWebServer  : Tomcat started on port 8081 (http) with context path '/'
2025-09-21T15:58:38.612+07:00  INFO 90848 --- [auth-service] [main] [                                                 ] .s.c.n.e.s.EurekaAutoServiceRegistration : Updating port to 8081
2025-09-21T15:58:38.746+07:00  INFO 90848 --- [auth-service] [main] [                                                 ] c.e.a.a.AuthServiceApplication           : Started AuthServiceApplication in 21.366 seconds (process running for 21.876)
2025-09-21T15:58:38.780+07:00  INFO 90848 --- [auth-service] [DiscoveryClient-InstanceInfoReplicator-%d] [                                                 ] com.netflix.discovery.DiscoveryClient    : DiscoveryClient_AUTH-SERVICE/archlinux:auth-service:8081 - registration status: 204
2025-09-21T16:03:37.941+07:00  INFO 90848 --- [auth-service] [AsyncResolver-bootstrap-executor-%d] [                                                 ] c.n.d.s.r.aws.ConfigClusterResolver      : Resolving eureka endpoints via configuration
2025-09-21T16:05:04.013+07:00  INFO 90848 --- [auth-service] [SpringApplicationShutdownHook] [                                                 ] o.s.c.n.e.s.EurekaServiceRegistry        : Unregistering application AUTH-SERVICE with eureka with status DOWN
2025-09-21T16:05:04.015+07:00  INFO 90848 --- [auth-service] [SpringApplicationShutdownHook] [                                                 ] com.netflix.discovery.DiscoveryClient    : Saw local status change event StatusChangeEvent [timestamp=1758445504015, current=DOWN, previous=UP]
2025-09-21T16:05:04.016+07:00  INFO 90848 --- [auth-service] [DiscoveryClient-InstanceInfoReplicator-%d] [                                                 ] com.netflix.discovery.DiscoveryClient    : DiscoveryClient_AUTH-SERVICE/archlinux:auth-service:8081: registering service...
2025-09-21T16:05:04.023+07:00  INFO 90848 --- [auth-service] [SpringApplicationShutdownHook] [                                                 ] o.s.b.w.e.tomcat.GracefulShutdown        : Commencing graceful shutdown. Waiting for active requests to complete
2025-09-21T16:05:04.040+07:00  INFO 90848 --- [auth-service] [tomcat-shutdown] [                                                 ] o.s.b.w.e.tomcat.GracefulShutdown        : Graceful shutdown complete
2025-09-21T16:05:04.049+07:00  INFO 90848 --- [auth-service] [DiscoveryClient-InstanceInfoReplicator-%d] [                                                 ] com.netflix.discovery.DiscoveryClient    : DiscoveryClient_AUTH-SERVICE/archlinux:auth-service:8081 - registration status: 204
2025-09-21T16:05:04.077+07:00  INFO 90848 --- [auth-service] [SpringApplicationShutdownHook] [                                                 ] j.LocalContainerEntityManagerFactoryBean : Closing JPA EntityManagerFactory for persistence unit 'default'
2025-09-21T16:05:04.091+07:00  INFO 90848 --- [auth-service] [SpringApplicationShutdownHook] [                                                 ] com.zaxxer.hikari.HikariDataSource       : HikariPool-1 - Shutdown initiated...
2025-09-21T16:05:04.102+07:00  INFO 90848 --- [auth-service] [SpringApplicationShutdownHook] [                                                 ] com.zaxxer.hikari.HikariDataSource       : HikariPool-1 - Shutdown completed.
2025-09-21T16:05:04.836+07:00  INFO 90848 --- [auth-service] [SpringApplicationShutdownHook] [                                                 ] com.netflix.discovery.DiscoveryClient    : Shutting down DiscoveryClient ...
2025-09-21T16:05:07.837+07:00  INFO 90848 --- [auth-service] [SpringApplicationShutdownHook] [                                                 ] com.netflix.discovery.DiscoveryClient    : Unregistering ...
2025-09-21T16:05:07.844+07:00  INFO 90848 --- [auth-service] [SpringApplicationShutdownHook] [                                                 ] com.netflix.discovery.DiscoveryClient    : DiscoveryClient_AUTH-SERVICE/archlinux:auth-service:8081 - deregister  status: 200
2025-09-21T16:05:07.845+07:00  INFO 90848 --- [auth-service] [SpringApplicationShutdownHook] [                                                 ] com.netflix.discovery.DiscoveryClient    : Completed shut down of DiscoveryClient
2025-09-21T16:06:59.455+07:00  INFO 96542 --- [auth-service] [main] [                                                 ] c.e.a.a.AuthServiceApplication           : Starting AuthServiceApplication using Java 25.0.1 with PID 96542 (/home/fragile/Desktop/platform-ecom/platform-ecom-backend/auth-services/target/classes started by fragile in /home/fragile/Desktop/platform-ecom)
2025-09-21T16:06:59.458+07:00  INFO 96542 --- [auth-service] [main] [                                                 ] c.e.a.a.AuthServiceApplication           : No active profile set, falling back to 1 default profile: "default"
2025-09-21T16:06:59.498+07:00  INFO 96542 --- [auth-service] [main] [                                                 ] o.s.c.c.c.ConfigServerConfigDataLoader   : Fetching config from server at : http://localhost:8888
2025-09-21T16:06:59.498+07:00  INFO 96542 --- [auth-service] [main] [                                                 ] o.s.c.c.c.ConfigServerConfigDataLoader   : Located environment: name=auth-service, profiles=[default], label=null, version=ee0645f27c42fecbcb38366a4362ec81b67d846c, state=
2025-09-21T16:07:00.822+07:00  INFO 96542 --- [auth-service] [main] [                                                 ] .s.d.r.c.RepositoryConfigurationDelegate : Bootstrapping Spring Data JPA repositories in DEFAULT mode.
2025-09-21T16:07:01.059+07:00  INFO 96542 --- [auth-service] [main] [                                                 ] .s.d.r.c.RepositoryConfigurationDelegate : Finished Spring Data repository scanning in 199 ms. Found 1 JPA repository interface.
2025-09-21T16:07:01.525+07:00  INFO 96542 --- [auth-service] [main] [                                                 ] o.s.cloud.context.scope.GenericScope     : BeanFactory id=54c89296-be6a-3490-ace2-fcd8b215e6bb
2025-09-21T16:07:02.371+07:00  INFO 96542 --- [auth-service] [main] [                                                 ] o.s.b.w.embedded.tomcat.TomcatWebServer  : Tomcat initialized with port 8081 (http)
2025-09-21T16:07:02.392+07:00  INFO 96542 --- [auth-service] [main] [                                                 ] o.apache.catalina.core.StandardService   : Starting service [Tomcat]
2025-09-21T16:07:02.392+07:00  INFO 96542 --- [auth-service] [main] [                                                 ] o.apache.catalina.core.StandardEngine    : Starting Servlet engine: [Apache Tomcat/10.1.46]
2025-09-21T16:07:02.479+07:00  INFO 96542 --- [auth-service] [main] [                                                 ] o.a.c.c.C.[Tomcat].[localhost].[/]       : Initializing Spring embedded WebApplicationContext
2025-09-21T16:07:02.480+07:00  INFO 96542 --- [auth-service] [main] [                                                 ] w.s.c.ServletWebServerApplicationContext : Root WebApplicationContext: initialization completed in 2979 ms
2025-09-21T16:07:04.367+07:00  INFO 96542 --- [auth-service] [main] [                                                 ] o.hibernate.jpa.internal.util.LogHelper  : HHH000204: Processing PersistenceUnitInfo [name: default]
2025-09-21T16:07:04.662+07:00  INFO 96542 --- [auth-service] [main] [                                                 ] org.hibernate.Version                    : HHH000412: Hibernate ORM core version 6.6.29.Final
2025-09-21T16:07:04.842+07:00  INFO 96542 --- [auth-service] [main] [                                                 ] o.h.c.internal.RegionFactoryInitiator    : HHH000026: Second-level cache disabled
2025-09-21T16:07:06.178+07:00  INFO 96542 --- [auth-service] [main] [                                                 ] o.s.o.j.p.SpringPersistenceUnitInfo      : No LoadTimeWeaver setup: ignoring JPA class transformer
2025-09-21T16:07:06.272+07:00  INFO 96542 --- [auth-service] [main] [                                                 ] com.zaxxer.hikari.HikariDataSource       : HikariPool-1 - Starting...
2025-09-21T16:07:06.720+07:00  INFO 96542 --- [auth-service] [main] [                                                 ] com.zaxxer.hikari.pool.HikariPool        : HikariPool-1 - Added connection org.postgresql.jdbc.PgConnection@75d402d4
2025-09-21T16:07:06.726+07:00  INFO 96542 --- [auth-service] [main] [                                                 ] com.zaxxer.hikari.HikariDataSource       : HikariPool-1 - Start completed.
2025-09-21T16:07:06.832+07:00  WARN 96542 --- [auth-service] [main] [                                                 ] org.hibernate.orm.deprecation            : HHH90000025: PostgreSQLDialect does not need to be specified explicitly using 'hibernate.dialect' (remove the property setting and it will be selected by default)
2025-09-21T16:07:06.880+07:00  INFO 96542 --- [auth-service] [main] [                                                 ] org.hibernate.orm.connections.pooling    : HHH10001005: Database info:
	Database JDBC URL [Connecting through datasource 'HikariDataSource (HikariPool-1)']
	Database driver: undefined/unknown
	Database version: 17.6
	Autocommit mode: undefined/unknown
	Isolation level: undefined/unknown
	Minimum pool size: undefined/unknown
	Maximum pool size: undefined/unknown
2025-09-21T16:07:09.955+07:00  INFO 96542 --- [auth-service] [main] [                                                 ] o.h.e.t.j.p.i.JtaPlatformInitiator       : HHH000489: No JTA platform available (set 'hibernate.transaction.jta.platform' to enable JTA platform integration)
2025-09-21T16:07:11.006+07:00  INFO 96542 --- [auth-service] [main] [                                                 ] j.LocalContainerEntityManagerFactoryBean : Initialized JPA EntityManagerFactory for persistence unit 'default'
2025-09-21T16:07:12.351+07:00  INFO 96542 --- [auth-service] [main] [                                                 ] o.s.d.j.r.query.QueryEnhancerFactory     : Hibernate is in classpath; If applicable, HQL parser will be used.
2025-09-21T16:07:13.970+07:00  WARN 96542 --- [auth-service] [main] [                                                 ] JpaBaseConfiguration$JpaWebConfiguration : spring.jpa.open-in-view is enabled by default. Therefore, database queries may be performed during view rendering. Explicitly configure spring.jpa.open-in-view to disable this warning
2025-09-21T16:07:15.947+07:00  INFO 96542 --- [auth-service] [main] [                                                 ] DiscoveryClientOptionalArgsConfiguration : Eureka HTTP Client uses RestTemplate.
2025-09-21T16:07:16.060+07:00  WARN 96542 --- [auth-service] [main] [                                                 ] iguration$LoadBalancerCaffeineWarnLogger : Spring Cloud LoadBalancer is currently working with the default cache. While this cache implementation is useful for development and tests, it's recommended to use Caffeine cache in production.You can switch to using Caffeine cache, by adding it and org.springframework.cache.caffeine.CaffeineCacheManager to the classpath.
2025-09-21T16:07:16.084+07:00  INFO 96542 --- [auth-service] [main] [                                                 ] o.s.b.a.e.web.EndpointLinksResolver      : Exposing 18 endpoints beneath base path '/actuator'
2025-09-21T16:07:16.366+07:00  INFO 96542 --- [auth-service] [main] [                                                 ] o.s.c.n.eureka.InstanceInfoFactory       : Setting initial instance status as: STARTING
2025-09-21T16:07:16.404+07:00  INFO 96542 --- [auth-service] [main] [                                                 ] com.netflix.discovery.DiscoveryClient    : Initializing Eureka in region us-east-1
2025-09-21T16:07:16.410+07:00  INFO 96542 --- [auth-service] [main] [                                                 ] c.n.d.s.r.aws.ConfigClusterResolver      : Resolving eureka endpoints via configuration
2025-09-21T16:07:16.424+07:00  INFO 96542 --- [auth-service] [main] [                                                 ] com.netflix.discovery.DiscoveryClient    : Disable delta property : false
2025-09-21T16:07:16.425+07:00  INFO 96542 --- [auth-service] [main] [                                                 ] com.netflix.discovery.DiscoveryClient    : Single vip registry refresh property : null
2025-09-21T16:07:16.425+07:00  INFO 96542 --- [auth-service] [main] [                                                 ] com.netflix.discovery.DiscoveryClient    : Force full registry fetch : false
2025-09-21T16:07:16.426+07:00  INFO 96542 --- [auth-service] [main] [                                                 ] com.netflix.discovery.DiscoveryClient    : Application is null : false
2025-09-21T16:07:16.427+07:00  INFO 96542 --- [auth-service] [main] [                                                 ] com.netflix.discovery.DiscoveryClient    : Registered Applications size is zero : true
2025-09-21T16:07:16.427+07:00  INFO 96542 --- [auth-service] [main] [                                                 ] com.netflix.discovery.DiscoveryClient    : Application version is -1: true
2025-09-21T16:07:16.428+07:00  INFO 96542 --- [auth-service] [main] [                                                 ] com.netflix.discovery.DiscoveryClient    : Getting all instance registry info from the eureka server
2025-09-21T16:07:16.953+07:00  INFO 96542 --- [auth-service] [main] [                                                 ] com.netflix.discovery.DiscoveryClient    : The response status is 200
2025-09-21T16:07:16.958+07:00  INFO 96542 --- [auth-service] [main] [                                                 ] com.netflix.discovery.DiscoveryClient    : Starting heartbeat executor: renew interval is: 30
2025-09-21T16:07:16.968+07:00  INFO 96542 --- [auth-service] [main] [                                                 ] c.n.discovery.InstanceInfoReplicator     : InstanceInfoReplicator onDemand update allowed rate per min is 4
2025-09-21T16:07:16.978+07:00  INFO 96542 --- [auth-service] [main] [                                                 ] com.netflix.discovery.DiscoveryClient    : Discovery Client initialized at timestamp 1758445636978 with initial instances count: 0
2025-09-21T16:07:16.996+07:00  INFO 96542 --- [auth-service] [main] [                                                 ] o.s.c.n.e.s.EurekaServiceRegistry        : Registering application AUTH-SERVICE with eureka with status UP
2025-09-21T16:07:16.997+07:00  INFO 96542 --- [auth-service] [main] [                                                 ] com.netflix.discovery.DiscoveryClient    : Saw local status change event StatusChangeEvent [timestamp=1758445636996, current=UP, previous=STARTING]
2025-09-21T16:07:17.001+07:00  INFO 96542 --- [auth-service] [DiscoveryClient-InstanceInfoReplicator-%d] [                                                 ] com.netflix.discovery.DiscoveryClient    : DiscoveryClient_AUTH-SERVICE/archlinux:auth-service:8081: registering service...
2025-09-21T16:07:17.048+07:00  INFO 96542 --- [auth-service] [main] [                                                 ] o.s.b.w.embedded.tomcat.TomcatWebServer  : Tomcat started on port 8081 (http) with context path '/'
2025-09-21T16:07:17.050+07:00  INFO 96542 --- [auth-service] [main] [                                                 ] .s.c.n.e.s.EurekaAutoServiceRegistration : Updating port to 8081
2025-09-21T16:07:17.128+07:00  INFO 96542 --- [auth-service] [main] [                                                 ] c.e.a.a.AuthServiceApplication           : Started AuthServiceApplication in 26.105 seconds (process running for 26.639)
2025-09-21T16:07:17.241+07:00  INFO 96542 --- [auth-service] [DiscoveryClient-InstanceInfoReplicator-%d] [                                                 ] com.netflix.discovery.DiscoveryClient    : DiscoveryClient_AUTH-SERVICE/archlinux:auth-service:8081 - registration status: 204
2025-09-21T16:07:46.958+07:00  INFO 96542 --- [auth-service] [DiscoveryClient-CacheRefreshExecutor-%d] [                                                 ] com.netflix.discovery.DiscoveryClient    : Disable delta property : false
2025-09-21T16:07:46.958+07:00  INFO 96542 --- [auth-service] [DiscoveryClient-CacheRefreshExecutor-%d] [                                                 ] com.netflix.discovery.DiscoveryClient    : Single vip registry refresh property : null
2025-09-21T16:07:46.958+07:00  INFO 96542 --- [auth-service] [DiscoveryClient-CacheRefreshExecutor-%d] [                                                 ] com.netflix.discovery.DiscoveryClient    : Force full registry fetch : false
2025-09-21T16:07:46.959+07:00  INFO 96542 --- [auth-service] [DiscoveryClient-CacheRefreshExecutor-%d] [                                                 ] com.netflix.discovery.DiscoveryClient    : Application is null : false
2025-09-21T16:07:46.959+07:00  INFO 96542 --- [auth-service] [DiscoveryClient-CacheRefreshExecutor-%d] [                                                 ] com.netflix.discovery.DiscoveryClient    : Registered Applications size is zero : true
2025-09-21T16:07:46.959+07:00  INFO 96542 --- [auth-service] [DiscoveryClient-CacheRefreshExecutor-%d] [                                                 ] com.netflix.discovery.DiscoveryClient    : Application version is -1: false
2025-09-21T16:07:46.959+07:00  INFO 96542 --- [auth-service] [DiscoveryClient-CacheRefreshExecutor-%d] [                                                 ] com.netflix.discovery.DiscoveryClient    : Getting all instance registry info from the eureka server
2025-09-21T16:07:46.973+07:00  INFO 96542 --- [auth-service] [DiscoveryClient-CacheRefreshExecutor-%d] [                                                 ] com.netflix.discovery.DiscoveryClient    : The response status is 200
2025-09-21T16:10:01.102+07:00  INFO 96542 --- [auth-service] [SpringApplicationShutdownHook] [                                                 ] o.s.c.n.e.s.EurekaServiceRegistry        : Unregistering application AUTH-SERVICE with eureka with status DOWN
2025-09-21T16:10:01.103+07:00  INFO 96542 --- [auth-service] [SpringApplicationShutdownHook] [                                                 ] com.netflix.discovery.DiscoveryClient    : Saw local status change event StatusChangeEvent [timestamp=1758445801103, current=DOWN, previous=UP]
2025-09-21T16:10:01.103+07:00  INFO 96542 --- [auth-service] [DiscoveryClient-InstanceInfoReplicator-%d] [                                                 ] com.netflix.discovery.DiscoveryClient    : DiscoveryClient_AUTH-SERVICE/archlinux:auth-service:8081: registering service...
2025-09-21T16:10:01.105+07:00  INFO 96542 --- [auth-service] [SpringApplicationShutdownHook] [                                                 ] o.s.b.w.e.tomcat.GracefulShutdown        : Commencing graceful shutdown. Waiting for active requests to complete
2025-09-21T16:10:01.114+07:00  INFO 96542 --- [auth-service] [DiscoveryClient-InstanceInfoReplicator-%d] [                                                 ] com.netflix.discovery.DiscoveryClient    : DiscoveryClient_AUTH-SERVICE/archlinux:auth-service:8081 - registration status: 204
2025-09-21T16:10:01.111+07:00  INFO 96542 --- [auth-service] [tomcat-shutdown] [                                                 ] o.s.b.w.e.tomcat.GracefulShutdown        : Graceful shutdown complete
2025-09-21T16:10:01.127+07:00  INFO 96542 --- [auth-service] [SpringApplicationShutdownHook] [                                                 ] j.LocalContainerEntityManagerFactoryBean : Closing JPA EntityManagerFactory for persistence unit 'default'
2025-09-21T16:10:01.130+07:00  INFO 96542 --- [auth-service] [SpringApplicationShutdownHook] [                                                 ] com.zaxxer.hikari.HikariDataSource       : HikariPool-1 - Shutdown initiated...
2025-09-21T16:10:01.133+07:00  INFO 96542 --- [auth-service] [SpringApplicationShutdownHook] [                                                 ] com.zaxxer.hikari.HikariDataSource       : HikariPool-1 - Shutdown completed.
2025-09-21T16:10:01.367+07:00  INFO 96542 --- [auth-service] [SpringApplicationShutdownHook] [                                                 ] com.netflix.discovery.DiscoveryClient    : Shutting down DiscoveryClient ...
2025-09-21T16:10:04.367+07:00  INFO 96542 --- [auth-service] [SpringApplicationShutdownHook] [                                                 ] com.netflix.discovery.DiscoveryClient    : Unregistering ...
2025-09-21T16:10:04.374+07:00  INFO 96542 --- [auth-service] [SpringApplicationShutdownHook] [                                                 ] com.netflix.discovery.DiscoveryClient    : DiscoveryClient_AUTH-SERVICE/archlinux:auth-service:8081 - deregister  status: 200
2025-09-21T16:10:04.375+07:00  INFO 96542 --- [auth-service] [SpringApplicationShutdownHook] [                                                 ] com.netflix.discovery.DiscoveryClient    : Completed shut down of DiscoveryClient
