2025-11-22T21:16:45.810+07:00  INFO 211226 --- [review-service] [main] [                                                 ] com.ecom.review.ReviewApplication        : Starting ReviewApplication using Java 25.0.1 with PID 211226 (/home/fragile/Desktop/platform-ecom/platform-ecom-backend/review/target/classes started by fragile in /home/fragile/Desktop/platform-ecom)
2025-11-22T21:16:45.817+07:00  INFO 211226 --- [review-service] [main] [                                                 ] com.ecom.review.ReviewApplication        : No active profile set, falling back to 1 default profile: "default"
2025-11-22T21:16:45.873+07:00  INFO 211226 --- [review-service] [main] [                                                 ] o.s.c.c.c.ConfigServerConfigDataLoader   : Fetching config from server at : http://localhost:8888
2025-11-22T21:16:45.874+07:00  INFO 211226 --- [review-service] [main] [                                                 ] o.s.c.c.c.ConfigServerConfigDataLoader   : Located environment: name=review-service, profiles=[default], label=null, version=00affd3c4a6a8588b7c0a45a6762ea14a0883965, state=
2025-11-22T21:16:47.017+07:00  INFO 211226 --- [review-service] [main] [                                                 ] .s.d.r.c.RepositoryConfigurationDelegate : Bootstrapping Spring Data JPA repositories in DEFAULT mode.
2025-11-22T21:16:47.152+07:00  INFO 211226 --- [review-service] [main] [                                                 ] .s.d.r.c.RepositoryConfigurationDelegate : Finished Spring Data repository scanning in 125 ms. Found 1 JPA repository interface.
2025-11-22T21:16:47.354+07:00  INFO 211226 --- [review-service] [main] [                                                 ] faultConfiguringBeanFactoryPostProcessor : No bean named 'errorChannel' has been explicitly defined. Therefore, a default PublishSubscribeChannel will be created.
2025-11-22T21:16:47.362+07:00  INFO 211226 --- [review-service] [main] [                                                 ] faultConfiguringBeanFactoryPostProcessor : No bean named 'integrationHeaderChannelRegistry' has been explicitly defined. Therefore, a default DefaultHeaderChannelRegistry will be created.
2025-11-22T21:16:47.494+07:00  INFO 211226 --- [review-service] [main] [                                                 ] o.s.cloud.context.scope.GenericScope     : BeanFactory id=d88a7b53-76c3-3d4f-9822-3f67c1f7a04a
2025-11-22T21:16:48.034+07:00  INFO 211226 --- [review-service] [main] [                                                 ] o.s.b.w.embedded.tomcat.TomcatWebServer  : Tomcat initialized with port 8087 (http)
2025-11-22T21:16:48.044+07:00  INFO 211226 --- [review-service] [main] [                                                 ] o.apache.catalina.core.StandardService   : Starting service [Tomcat]
2025-11-22T21:16:48.045+07:00  INFO 211226 --- [review-service] [main] [                                                 ] o.apache.catalina.core.StandardEngine    : Starting Servlet engine: [Apache Tomcat/10.1.46]
2025-11-22T21:16:48.082+07:00  INFO 211226 --- [review-service] [main] [                                                 ] o.a.c.c.C.[Tomcat].[localhost].[/]       : Initializing Spring embedded WebApplicationContext
2025-11-22T21:16:48.083+07:00  INFO 211226 --- [review-service] [main] [                                                 ] w.s.c.ServletWebServerApplicationContext : Root WebApplicationContext: initialization completed in 2208 ms
2025-11-22T21:16:48.614+07:00  INFO 211226 --- [review-service] [main] [                                                 ] o.hibernate.jpa.internal.util.LogHelper  : HHH000204: Processing PersistenceUnitInfo [name: default]
2025-11-22T21:16:48.657+07:00  INFO 211226 --- [review-service] [main] [                                                 ] org.hibernate.Version                    : HHH000412: Hibernate ORM core version 6.6.29.Final
2025-11-22T21:16:48.686+07:00  INFO 211226 --- [review-service] [main] [                                                 ] o.h.c.internal.RegionFactoryInitiator    : HHH000026: Second-level cache disabled
2025-11-22T21:16:48.890+07:00  INFO 211226 --- [review-service] [main] [                                                 ] o.s.o.j.p.SpringPersistenceUnitInfo      : No LoadTimeWeaver setup: ignoring JPA class transformer
2025-11-22T21:16:48.909+07:00  INFO 211226 --- [review-service] [main] [                                                 ] com.zaxxer.hikari.HikariDataSource       : HikariPool-1 - Starting...
2025-11-22T21:16:49.031+07:00  INFO 211226 --- [review-service] [main] [                                                 ] com.zaxxer.hikari.pool.HikariPool        : HikariPool-1 - Added connection org.postgresql.jdbc.PgConnection@5fcff272
2025-11-22T21:16:49.032+07:00  INFO 211226 --- [review-service] [main] [                                                 ] com.zaxxer.hikari.HikariDataSource       : HikariPool-1 - Start completed.
2025-11-22T21:16:49.055+07:00  WARN 211226 --- [review-service] [main] [                                                 ] org.hibernate.orm.deprecation            : HHH90000025: PostgreSQLDialect does not need to be specified explicitly using 'hibernate.dialect' (remove the property setting and it will be selected by default)
2025-11-22T21:16:49.071+07:00  INFO 211226 --- [review-service] [main] [                                                 ] org.hibernate.orm.connections.pooling    : HHH10001005: Database info:
	Database JDBC URL [Connecting through datasource 'HikariDataSource (HikariPool-1)']
	Database driver: undefined/unknown
	Database version: 17.6
	Autocommit mode: undefined/unknown
	Isolation level: undefined/unknown
	Minimum pool size: undefined/unknown
	Maximum pool size: undefined/unknown
2025-11-22T21:16:49.697+07:00  INFO 211226 --- [review-service] [main] [                                                 ] o.h.e.t.j.p.i.JtaPlatformInitiator       : HHH000489: No JTA platform available (set 'hibernate.transaction.jta.platform' to enable JTA platform integration)
2025-11-22T21:16:49.727+07:00  INFO 211226 --- [review-service] [main] [                                                 ] j.LocalContainerEntityManagerFactoryBean : Initialized JPA EntityManagerFactory for persistence unit 'default'
2025-11-22T21:16:50.079+07:00  INFO 211226 --- [review-service] [main] [                                                 ] o.s.d.j.r.query.QueryEnhancerFactory     : Hibernate is in classpath; If applicable, HQL parser will be used.
2025-11-22T21:16:51.205+07:00  WARN 211226 --- [review-service] [main] [                                                 ] JpaBaseConfiguration$JpaWebConfiguration : spring.jpa.open-in-view is enabled by default. Therefore, database queries may be performed during view rendering. Explicitly configure spring.jpa.open-in-view to disable this warning
2025-11-22T21:16:52.313+07:00  INFO 211226 --- [review-service] [main] [                                                 ] DiscoveryClientOptionalArgsConfiguration : Eureka HTTP Client uses RestTemplate.
2025-11-22T21:16:52.377+07:00  WARN 211226 --- [review-service] [main] [                                                 ] iguration$LoadBalancerCaffeineWarnLogger : Spring Cloud LoadBalancer is currently working with the default cache. While this cache implementation is useful for development and tests, it's recommended to use Caffeine cache in production.You can switch to using Caffeine cache, by adding it and org.springframework.cache.caffeine.CaffeineCacheManager to the classpath.
2025-11-22T21:16:52.390+07:00  INFO 211226 --- [review-service] [main] [                                                 ] o.s.b.a.e.web.EndpointLinksResolver      : Exposing 22 endpoints beneath base path '/actuator'
2025-11-22T21:16:52.664+07:00  INFO 211226 --- [review-service] [main] [                                                 ] o.s.i.endpoint.EventDrivenConsumer       : Adding {logging-channel-adapter:_org.springframework.integration.errorLogger} as a subscriber to the 'errorChannel' channel
2025-11-22T21:16:52.665+07:00  INFO 211226 --- [review-service] [main] [                                                 ] o.s.i.channel.PublishSubscribeChannel    : Channel 'review-service.errorChannel' has 1 subscriber(s).
2025-11-22T21:16:52.666+07:00  INFO 211226 --- [review-service] [main] [                                                 ] o.s.i.endpoint.EventDrivenConsumer       : started bean '_org.springframework.integration.errorLogger'
2025-11-22T21:16:52.680+07:00  INFO 211226 --- [review-service] [main] [                                                 ] o.s.c.n.eureka.InstanceInfoFactory       : Setting initial instance status as: STARTING
2025-11-22T21:16:52.712+07:00  INFO 211226 --- [review-service] [main] [                                                 ] com.netflix.discovery.DiscoveryClient    : Initializing Eureka in region us-east-1
2025-11-22T21:16:52.716+07:00  INFO 211226 --- [review-service] [main] [                                                 ] c.n.d.s.r.aws.ConfigClusterResolver      : Resolving eureka endpoints via configuration
2025-11-22T21:16:52.728+07:00  INFO 211226 --- [review-service] [main] [                                                 ] com.netflix.discovery.DiscoveryClient    : Disable delta property : false
2025-11-22T21:16:52.730+07:00  INFO 211226 --- [review-service] [main] [                                                 ] com.netflix.discovery.DiscoveryClient    : Single vip registry refresh property : null
2025-11-22T21:16:52.730+07:00  INFO 211226 --- [review-service] [main] [                                                 ] com.netflix.discovery.DiscoveryClient    : Force full registry fetch : false
2025-11-22T21:16:52.730+07:00  INFO 211226 --- [review-service] [main] [                                                 ] com.netflix.discovery.DiscoveryClient    : Application is null : false
2025-11-22T21:16:52.731+07:00  INFO 211226 --- [review-service] [main] [                                                 ] com.netflix.discovery.DiscoveryClient    : Registered Applications size is zero : true
2025-11-22T21:16:52.731+07:00  INFO 211226 --- [review-service] [main] [                                                 ] com.netflix.discovery.DiscoveryClient    : Application version is -1: true
2025-11-22T21:16:52.732+07:00  INFO 211226 --- [review-service] [main] [                                                 ] com.netflix.discovery.DiscoveryClient    : Getting all instance registry info from the eureka server
2025-11-22T21:16:52.985+07:00  INFO 211226 --- [review-service] [main] [                                                 ] com.netflix.discovery.DiscoveryClient    : The response status is 200
2025-11-22T21:16:52.987+07:00  INFO 211226 --- [review-service] [main] [                                                 ] com.netflix.discovery.DiscoveryClient    : Starting heartbeat executor: renew interval is: 30
2025-11-22T21:16:52.988+07:00  INFO 211226 --- [review-service] [main] [                                                 ] c.n.discovery.InstanceInfoReplicator     : InstanceInfoReplicator onDemand update allowed rate per min is 4
2025-11-22T21:16:52.990+07:00  INFO 211226 --- [review-service] [main] [                                                 ] com.netflix.discovery.DiscoveryClient    : Discovery Client initialized at timestamp 1763821012989 with initial instances count: 0
2025-11-22T21:16:52.995+07:00  INFO 211226 --- [review-service] [main] [                                                 ] o.s.c.n.e.s.EurekaServiceRegistry        : Registering application REVIEW-SERVICE with eureka with status UP
2025-11-22T21:16:52.996+07:00  INFO 211226 --- [review-service] [main] [                                                 ] com.netflix.discovery.DiscoveryClient    : Saw local status change event StatusChangeEvent [timestamp=1763821012996, current=UP, previous=STARTING]
2025-11-22T21:16:52.998+07:00  INFO 211226 --- [review-service] [DiscoveryClient-InstanceInfoReplicator-%d] [                                                 ] com.netflix.discovery.DiscoveryClient    : DiscoveryClient_REVIEW-SERVICE/archlinux:review-service:8087: registering service...
2025-11-22T21:16:53.017+07:00  INFO 211226 --- [review-service] [main] [                                                 ] o.s.b.w.embedded.tomcat.TomcatWebServer  : Tomcat started on port 8087 (http) with context path '/'
2025-11-22T21:16:53.018+07:00  INFO 211226 --- [review-service] [main] [                                                 ] .s.c.n.e.s.EurekaAutoServiceRegistration : Updating port to 8087
2025-11-22T21:16:53.093+07:00  INFO 211226 --- [review-service] [DiscoveryClient-InstanceInfoReplicator-%d] [                                                 ] com.netflix.discovery.DiscoveryClient    : DiscoveryClient_REVIEW-SERVICE/archlinux:review-service:8087 - registration status: 204
2025-11-22T21:16:53.102+07:00  INFO 211226 --- [review-service] [main] [                                                 ] com.ecom.review.ReviewApplication        : Started ReviewApplication in 13.929 seconds (process running for 14.589)
2025-11-22T21:16:53.299+07:00  INFO 211226 --- [review-service] [main] [                                                 ] com.ecom.review.seeder.FakeDataSeeder    : Starting Review service fake data seeding...
2025-11-22T21:16:53.299+07:00  INFO 211226 --- [review-service] [main] [                                                 ] com.ecom.review.seeder.FakeDataSeeder    : Seeding 200 reviews...
2025-11-22T21:16:53.917+07:00  INFO 211226 --- [review-service] [main] [                                                 ] com.ecom.review.seeder.FakeDataSeeder    : ✓ Created 200 reviews
2025-11-22T21:16:53.918+07:00  INFO 211226 --- [review-service] [main] [                                                 ] com.ecom.review.seeder.FakeDataSeeder    : Review service fake data seeding completed!
2025-11-22T21:16:54.033+07:00  WARN 211226 --- [review-service] [AsyncReporter{ZipkinHttpClientSender{http://localhost:9411/api/v2/spans}}] [                                                 ] z.r.i.AsyncReporter$BoundedAsyncReporter : Spans were dropped due to exceptions. All subsequent errors will be logged at FINE level.
2025-11-22T21:16:54.033+07:00  WARN 211226 --- [review-service] [AsyncReporter{ZipkinHttpClientSender{http://localhost:9411/api/v2/spans}}] [                                                 ] z.r.i.AsyncReporter$BoundedAsyncReporter : Dropped 2 spans due to ConnectException()

java.net.ConnectException: null
	at java.net.http/jdk.internal.net.http.HttpClientImpl.send(HttpClientImpl.java:923) ~[java.net.http:na]
	at java.net.http/jdk.internal.net.http.HttpClientFacade.send(HttpClientFacade.java:133) ~[java.net.http:na]
	at org.springframework.boot.actuate.autoconfigure.tracing.zipkin.ZipkinHttpClientSender.postSpans(ZipkinHttpClientSender.java:60) ~[spring-boot-actuator-autoconfigure-3.5.6.jar:3.5.6]
	at org.springframework.boot.actuate.autoconfigure.tracing.zipkin.HttpSender.postSpans(HttpSender.java:69) ~[spring-boot-actuator-autoconfigure-3.5.6.jar:3.5.6]
	at org.springframework.boot.actuate.autoconfigure.tracing.zipkin.HttpSender.postSpans(HttpSender.java:41) ~[spring-boot-actuator-autoconfigure-3.5.6.jar:3.5.6]
	at zipkin2.reporter.BaseHttpSender.send(BaseHttpSender.java:123) ~[zipkin-reporter-3.5.1.jar:na]
	at zipkin2.reporter.internal.AsyncReporter$BoundedAsyncReporter.flush(AsyncReporter.java:266) ~[zipkin-reporter-3.5.1.jar:na]
	at zipkin2.reporter.internal.AsyncReporter$Flusher.run(AsyncReporter.java:352) ~[zipkin-reporter-3.5.1.jar:na]
	at java.base/java.lang.Thread.run(Thread.java:1474) ~[na:na]
Caused by: java.net.ConnectException: null
	at java.net.http/jdk.internal.net.http.common.Utils.toConnectException(Utils.java:1070) ~[java.net.http:na]
	at java.net.http/jdk.internal.net.http.PlainHttpConnection.connectAsync(PlainHttpConnection.java:223) ~[java.net.http:na]
	at java.net.http/jdk.internal.net.http.PlainHttpConnection.checkRetryConnect(PlainHttpConnection.java:277) ~[java.net.http:na]
	at java.net.http/jdk.internal.net.http.PlainHttpConnection.lambda$connectAsync$0(PlainHttpConnection.java:235) ~[java.net.http:na]
	at java.base/java.util.concurrent.CompletableFuture.uniHandle(CompletableFuture.java:955) ~[na:na]
	at java.base/java.util.concurrent.CompletableFuture$UniHandle.tryFire(CompletableFuture.java:932) ~[na:na]
	at java.base/java.util.concurrent.CompletableFuture.postComplete(CompletableFuture.java:531) ~[na:na]
	at java.base/java.util.concurrent.CompletableFuture$AsyncSupply.run(CompletableFuture.java:1794) ~[na:na]
	at java.base/java.util.concurrent.ThreadPoolExecutor.runWorker(ThreadPoolExecutor.java:1090) ~[na:na]
	at java.base/java.util.concurrent.ThreadPoolExecutor$Worker.run(ThreadPoolExecutor.java:614) ~[na:na]
	... 1 common frames omitted
Caused by: java.nio.channels.ClosedChannelException: null
	at java.base/sun.nio.ch.SocketChannelImpl.ensureOpen(SocketChannelImpl.java:204) ~[na:na]
	at java.base/sun.nio.ch.SocketChannelImpl.connect(SocketChannelImpl.java:942) ~[na:na]
	at java.net.http/jdk.internal.net.http.PlainHttpConnection.connectAsync(PlainHttpConnection.java:211) ~[java.net.http:na]
	... 9 common frames omitted

2025-11-22T21:17:22.987+07:00  INFO 211226 --- [review-service] [DiscoveryClient-CacheRefreshExecutor-%d] [                                                 ] com.netflix.discovery.DiscoveryClient    : Disable delta property : false
2025-11-22T21:17:22.987+07:00  INFO 211226 --- [review-service] [DiscoveryClient-CacheRefreshExecutor-%d] [                                                 ] com.netflix.discovery.DiscoveryClient    : Single vip registry refresh property : null
2025-11-22T21:17:22.987+07:00  INFO 211226 --- [review-service] [DiscoveryClient-CacheRefreshExecutor-%d] [                                                 ] com.netflix.discovery.DiscoveryClient    : Force full registry fetch : false
2025-11-22T21:17:22.987+07:00  INFO 211226 --- [review-service] [DiscoveryClient-CacheRefreshExecutor-%d] [                                                 ] com.netflix.discovery.DiscoveryClient    : Application is null : false
2025-11-22T21:17:22.988+07:00  INFO 211226 --- [review-service] [DiscoveryClient-CacheRefreshExecutor-%d] [                                                 ] com.netflix.discovery.DiscoveryClient    : Registered Applications size is zero : true
2025-11-22T21:17:22.988+07:00  INFO 211226 --- [review-service] [DiscoveryClient-CacheRefreshExecutor-%d] [                                                 ] com.netflix.discovery.DiscoveryClient    : Application version is -1: false
2025-11-22T21:17:22.988+07:00  INFO 211226 --- [review-service] [DiscoveryClient-CacheRefreshExecutor-%d] [                                                 ] com.netflix.discovery.DiscoveryClient    : Getting all instance registry info from the eureka server
2025-11-22T21:17:23.008+07:00  INFO 211226 --- [review-service] [DiscoveryClient-CacheRefreshExecutor-%d] [                                                 ] com.netflix.discovery.DiscoveryClient    : The response status is 200
2025-11-22T21:21:11.187+07:00  INFO 211226 --- [review-service] [SpringApplicationShutdownHook] [                                                 ] o.s.c.n.e.s.EurekaServiceRegistry        : Unregistering application REVIEW-SERVICE with eureka with status DOWN
2025-11-22T21:21:11.187+07:00  INFO 211226 --- [review-service] [SpringApplicationShutdownHook] [                                                 ] com.netflix.discovery.DiscoveryClient    : Saw local status change event StatusChangeEvent [timestamp=1763821271187, current=DOWN, previous=UP]
2025-11-22T21:21:11.187+07:00  INFO 211226 --- [review-service] [DiscoveryClient-InstanceInfoReplicator-%d] [                                                 ] com.netflix.discovery.DiscoveryClient    : DiscoveryClient_REVIEW-SERVICE/archlinux:review-service:8087: registering service...
2025-11-22T21:21:11.189+07:00  INFO 211226 --- [review-service] [SpringApplicationShutdownHook] [                                                 ] o.s.b.w.e.tomcat.GracefulShutdown        : Commencing graceful shutdown. Waiting for active requests to complete
2025-11-22T21:21:11.191+07:00  INFO 211226 --- [review-service] [tomcat-shutdown] [                                                 ] o.s.b.w.e.tomcat.GracefulShutdown        : Graceful shutdown complete
2025-11-22T21:21:11.192+07:00  INFO 211226 --- [review-service] [DiscoveryClient-InstanceInfoReplicator-%d] [                                                 ] com.netflix.discovery.DiscoveryClient    : DiscoveryClient_REVIEW-SERVICE/archlinux:review-service:8087 - registration status: 204
2025-11-22T21:21:11.194+07:00  INFO 211226 --- [review-service] [SpringApplicationShutdownHook] [                                                 ] o.s.i.endpoint.EventDrivenConsumer       : Removing {logging-channel-adapter:_org.springframework.integration.errorLogger} as a subscriber to the 'errorChannel' channel
2025-11-22T21:21:11.194+07:00  INFO 211226 --- [review-service] [SpringApplicationShutdownHook] [                                                 ] o.s.i.channel.PublishSubscribeChannel    : Channel 'review-service.errorChannel' has 0 subscriber(s).
2025-11-22T21:21:11.194+07:00  INFO 211226 --- [review-service] [SpringApplicationShutdownHook] [                                                 ] o.s.i.endpoint.EventDrivenConsumer       : stopped bean '_org.springframework.integration.errorLogger'
2025-11-22T21:21:11.202+07:00  INFO 211226 --- [review-service] [SpringApplicationShutdownHook] [                                                 ] j.LocalContainerEntityManagerFactoryBean : Closing JPA EntityManagerFactory for persistence unit 'default'
2025-11-22T21:21:11.209+07:00  INFO 211226 --- [review-service] [SpringApplicationShutdownHook] [                                                 ] com.zaxxer.hikari.HikariDataSource       : HikariPool-1 - Shutdown initiated...
2025-11-22T21:21:11.211+07:00  INFO 211226 --- [review-service] [SpringApplicationShutdownHook] [                                                 ] com.zaxxer.hikari.HikariDataSource       : HikariPool-1 - Shutdown completed.
2025-11-22T21:21:12.105+07:00  INFO 211226 --- [review-service] [SpringApplicationShutdownHook] [                                                 ] com.netflix.discovery.DiscoveryClient    : Shutting down DiscoveryClient ...
2025-11-22T21:21:15.105+07:00  INFO 211226 --- [review-service] [SpringApplicationShutdownHook] [                                                 ] com.netflix.discovery.DiscoveryClient    : Unregistering ...
2025-11-22T21:21:15.110+07:00  INFO 211226 --- [review-service] [SpringApplicationShutdownHook] [                                                 ] com.netflix.discovery.DiscoveryClient    : DiscoveryClient_REVIEW-SERVICE/archlinux:review-service:8087 - deregister  status: 200
2025-11-22T21:21:15.111+07:00  INFO 211226 --- [review-service] [SpringApplicationShutdownHook] [                                                 ] com.netflix.discovery.DiscoveryClient    : Completed shut down of DiscoveryClient
2025-11-22T21:21:19.130+07:00  INFO 213967 --- [review-service] [main] [                                                 ] com.ecom.review.ReviewApplication        : Starting ReviewApplication using Java 25.0.1 with PID 213967 (/home/fragile/Desktop/platform-ecom/platform-ecom-backend/review/target/classes started by fragile in /home/fragile/Desktop/platform-ecom)
2025-11-22T21:21:19.135+07:00  INFO 213967 --- [review-service] [main] [                                                 ] com.ecom.review.ReviewApplication        : No active profile set, falling back to 1 default profile: "default"
2025-11-22T21:21:19.167+07:00  INFO 213967 --- [review-service] [main] [                                                 ] o.s.c.c.c.ConfigServerConfigDataLoader   : Fetching config from server at : http://localhost:8888
2025-11-22T21:21:19.167+07:00  INFO 213967 --- [review-service] [main] [                                                 ] o.s.c.c.c.ConfigServerConfigDataLoader   : Located environment: name=review-service, profiles=[default], label=null, version=00affd3c4a6a8588b7c0a45a6762ea14a0883965, state=
2025-11-22T21:21:20.858+07:00  INFO 213967 --- [review-service] [main] [                                                 ] .s.d.r.c.RepositoryConfigurationDelegate : Bootstrapping Spring Data JPA repositories in DEFAULT mode.
2025-11-22T21:21:21.034+07:00  INFO 213967 --- [review-service] [main] [                                                 ] .s.d.r.c.RepositoryConfigurationDelegate : Finished Spring Data repository scanning in 164 ms. Found 1 JPA repository interface.
2025-11-22T21:21:21.330+07:00  INFO 213967 --- [review-service] [main] [                                                 ] faultConfiguringBeanFactoryPostProcessor : No bean named 'errorChannel' has been explicitly defined. Therefore, a default PublishSubscribeChannel will be created.
2025-11-22T21:21:21.341+07:00  INFO 213967 --- [review-service] [main] [                                                 ] faultConfiguringBeanFactoryPostProcessor : No bean named 'integrationHeaderChannelRegistry' has been explicitly defined. Therefore, a default DefaultHeaderChannelRegistry will be created.
2025-11-22T21:21:21.488+07:00  INFO 213967 --- [review-service] [main] [                                                 ] o.s.cloud.context.scope.GenericScope     : BeanFactory id=d88a7b53-76c3-3d4f-9822-3f67c1f7a04a
2025-11-22T21:21:22.305+07:00  INFO 213967 --- [review-service] [main] [                                                 ] o.s.b.w.embedded.tomcat.TomcatWebServer  : Tomcat initialized with port 8087 (http)
2025-11-22T21:21:22.331+07:00  INFO 213967 --- [review-service] [main] [                                                 ] o.apache.catalina.core.StandardService   : Starting service [Tomcat]
2025-11-22T21:21:22.332+07:00  INFO 213967 --- [review-service] [main] [                                                 ] o.apache.catalina.core.StandardEngine    : Starting Servlet engine: [Apache Tomcat/10.1.46]
2025-11-22T21:21:22.395+07:00  INFO 213967 --- [review-service] [main] [                                                 ] o.a.c.c.C.[Tomcat].[localhost].[/]       : Initializing Spring embedded WebApplicationContext
2025-11-22T21:21:22.396+07:00  INFO 213967 --- [review-service] [main] [                                                 ] w.s.c.ServletWebServerApplicationContext : Root WebApplicationContext: initialization completed in 3228 ms
2025-11-22T21:21:23.288+07:00  INFO 213967 --- [review-service] [main] [                                                 ] o.hibernate.jpa.internal.util.LogHelper  : HHH000204: Processing PersistenceUnitInfo [name: default]
2025-11-22T21:21:23.376+07:00  INFO 213967 --- [review-service] [main] [                                                 ] org.hibernate.Version                    : HHH000412: Hibernate ORM core version 6.6.29.Final
2025-11-22T21:21:23.417+07:00  INFO 213967 --- [review-service] [main] [                                                 ] o.h.c.internal.RegionFactoryInitiator    : HHH000026: Second-level cache disabled
2025-11-22T21:21:23.807+07:00  INFO 213967 --- [review-service] [main] [                                                 ] o.s.o.j.p.SpringPersistenceUnitInfo      : No LoadTimeWeaver setup: ignoring JPA class transformer
2025-11-22T21:21:23.847+07:00  INFO 213967 --- [review-service] [main] [                                                 ] com.zaxxer.hikari.HikariDataSource       : HikariPool-1 - Starting...
2025-11-22T21:21:24.011+07:00  INFO 213967 --- [review-service] [main] [                                                 ] com.zaxxer.hikari.pool.HikariPool        : HikariPool-1 - Added connection org.postgresql.jdbc.PgConnection@3c39c739
2025-11-22T21:21:24.012+07:00  INFO 213967 --- [review-service] [main] [                                                 ] com.zaxxer.hikari.HikariDataSource       : HikariPool-1 - Start completed.
2025-11-22T21:21:24.037+07:00  WARN 213967 --- [review-service] [main] [                                                 ] org.hibernate.orm.deprecation            : HHH90000025: PostgreSQLDialect does not need to be specified explicitly using 'hibernate.dialect' (remove the property setting and it will be selected by default)
2025-11-22T21:21:24.052+07:00  INFO 213967 --- [review-service] [main] [                                                 ] org.hibernate.orm.connections.pooling    : HHH10001005: Database info:
	Database JDBC URL [Connecting through datasource 'HikariDataSource (HikariPool-1)']
	Database driver: undefined/unknown
	Database version: 17.6
	Autocommit mode: undefined/unknown
	Isolation level: undefined/unknown
	Minimum pool size: undefined/unknown
	Maximum pool size: undefined/unknown
2025-11-22T21:21:24.794+07:00  INFO 213967 --- [review-service] [main] [                                                 ] o.h.e.t.j.p.i.JtaPlatformInitiator       : HHH000489: No JTA platform available (set 'hibernate.transaction.jta.platform' to enable JTA platform integration)
2025-11-22T21:21:24.881+07:00  INFO 213967 --- [review-service] [main] [                                                 ] j.LocalContainerEntityManagerFactoryBean : Initialized JPA EntityManagerFactory for persistence unit 'default'
2025-11-22T21:21:25.447+07:00  INFO 213967 --- [review-service] [main] [                                                 ] o.s.d.j.r.query.QueryEnhancerFactory     : Hibernate is in classpath; If applicable, HQL parser will be used.
2025-11-22T21:21:26.581+07:00  WARN 213967 --- [review-service] [main] [                                                 ] JpaBaseConfiguration$JpaWebConfiguration : spring.jpa.open-in-view is enabled by default. Therefore, database queries may be performed during view rendering. Explicitly configure spring.jpa.open-in-view to disable this warning
2025-11-22T21:21:27.975+07:00  INFO 213967 --- [review-service] [main] [                                                 ] DiscoveryClientOptionalArgsConfiguration : Eureka HTTP Client uses RestTemplate.
2025-11-22T21:21:28.119+07:00  WARN 213967 --- [review-service] [main] [                                                 ] iguration$LoadBalancerCaffeineWarnLogger : Spring Cloud LoadBalancer is currently working with the default cache. While this cache implementation is useful for development and tests, it's recommended to use Caffeine cache in production.You can switch to using Caffeine cache, by adding it and org.springframework.cache.caffeine.CaffeineCacheManager to the classpath.
2025-11-22T21:21:28.146+07:00  INFO 213967 --- [review-service] [main] [                                                 ] o.s.b.a.e.web.EndpointLinksResolver      : Exposing 22 endpoints beneath base path '/actuator'
2025-11-22T21:21:28.578+07:00  INFO 213967 --- [review-service] [main] [                                                 ] o.s.i.endpoint.EventDrivenConsumer       : Adding {logging-channel-adapter:_org.springframework.integration.errorLogger} as a subscriber to the 'errorChannel' channel
2025-11-22T21:21:28.579+07:00  INFO 213967 --- [review-service] [main] [                                                 ] o.s.i.channel.PublishSubscribeChannel    : Channel 'review-service.errorChannel' has 1 subscriber(s).
2025-11-22T21:21:28.581+07:00  INFO 213967 --- [review-service] [main] [                                                 ] o.s.i.endpoint.EventDrivenConsumer       : started bean '_org.springframework.integration.errorLogger'
2025-11-22T21:21:28.594+07:00  INFO 213967 --- [review-service] [main] [                                                 ] o.s.c.n.eureka.InstanceInfoFactory       : Setting initial instance status as: STARTING
2025-11-22T21:21:28.626+07:00  INFO 213967 --- [review-service] [main] [                                                 ] com.netflix.discovery.DiscoveryClient    : Initializing Eureka in region us-east-1
2025-11-22T21:21:28.630+07:00  INFO 213967 --- [review-service] [main] [                                                 ] c.n.d.s.r.aws.ConfigClusterResolver      : Resolving eureka endpoints via configuration
2025-11-22T21:21:28.640+07:00  INFO 213967 --- [review-service] [main] [                                                 ] com.netflix.discovery.DiscoveryClient    : Disable delta property : false
2025-11-22T21:21:28.640+07:00  INFO 213967 --- [review-service] [main] [                                                 ] com.netflix.discovery.DiscoveryClient    : Single vip registry refresh property : null
2025-11-22T21:21:28.640+07:00  INFO 213967 --- [review-service] [main] [                                                 ] com.netflix.discovery.DiscoveryClient    : Force full registry fetch : false
2025-11-22T21:21:28.640+07:00  INFO 213967 --- [review-service] [main] [                                                 ] com.netflix.discovery.DiscoveryClient    : Application is null : false
2025-11-22T21:21:28.641+07:00  INFO 213967 --- [review-service] [main] [                                                 ] com.netflix.discovery.DiscoveryClient    : Registered Applications size is zero : true
2025-11-22T21:21:28.643+07:00  INFO 213967 --- [review-service] [main] [                                                 ] com.netflix.discovery.DiscoveryClient    : Application version is -1: true
2025-11-22T21:21:28.643+07:00  INFO 213967 --- [review-service] [main] [                                                 ] com.netflix.discovery.DiscoveryClient    : Getting all instance registry info from the eureka server
2025-11-22T21:21:28.872+07:00  INFO 213967 --- [review-service] [main] [                                                 ] com.netflix.discovery.DiscoveryClient    : The response status is 200
2025-11-22T21:21:28.875+07:00  INFO 213967 --- [review-service] [main] [                                                 ] com.netflix.discovery.DiscoveryClient    : Starting heartbeat executor: renew interval is: 30
2025-11-22T21:21:28.876+07:00  INFO 213967 --- [review-service] [main] [                                                 ] c.n.discovery.InstanceInfoReplicator     : InstanceInfoReplicator onDemand update allowed rate per min is 4
2025-11-22T21:21:28.877+07:00  INFO 213967 --- [review-service] [main] [                                                 ] com.netflix.discovery.DiscoveryClient    : Discovery Client initialized at timestamp 1763821288877 with initial instances count: 5
2025-11-22T21:21:28.882+07:00  INFO 213967 --- [review-service] [main] [                                                 ] o.s.c.n.e.s.EurekaServiceRegistry        : Registering application REVIEW-SERVICE with eureka with status UP
2025-11-22T21:21:28.882+07:00  INFO 213967 --- [review-service] [main] [                                                 ] com.netflix.discovery.DiscoveryClient    : Saw local status change event StatusChangeEvent [timestamp=1763821288882, current=UP, previous=STARTING]
2025-11-22T21:21:28.884+07:00  INFO 213967 --- [review-service] [DiscoveryClient-InstanceInfoReplicator-%d] [                                                 ] com.netflix.discovery.DiscoveryClient    : DiscoveryClient_REVIEW-SERVICE/archlinux:review-service:8087: registering service...
2025-11-22T21:21:28.904+07:00  INFO 213967 --- [review-service] [main] [                                                 ] o.s.b.w.embedded.tomcat.TomcatWebServer  : Tomcat started on port 8087 (http) with context path '/'
2025-11-22T21:21:28.905+07:00  INFO 213967 --- [review-service] [main] [                                                 ] .s.c.n.e.s.EurekaAutoServiceRegistration : Updating port to 8087
2025-11-22T21:21:28.961+07:00  INFO 213967 --- [review-service] [DiscoveryClient-InstanceInfoReplicator-%d] [                                                 ] com.netflix.discovery.DiscoveryClient    : DiscoveryClient_REVIEW-SERVICE/archlinux:review-service:8087 - registration status: 204
2025-11-22T21:21:28.968+07:00  INFO 213967 --- [review-service] [main] [                                                 ] com.ecom.review.ReviewApplication        : Started ReviewApplication in 11.44 seconds (process running for 11.922)
2025-11-22T21:21:29.215+07:00  INFO 213967 --- [review-service] [main] [                                                 ] com.ecom.review.seeder.FakeDataSeeder    : Starting Review service fake data seeding...
2025-11-22T21:21:29.216+07:00  INFO 213967 --- [review-service] [main] [                                                 ] com.ecom.review.seeder.FakeDataSeeder    : Seeding 200 reviews...
2025-11-22T21:21:29.944+07:00  WARN 213967 --- [review-service] [AsyncReporter{ZipkinHttpClientSender{http://localhost:9411/api/v2/spans}}] [                                                 ] z.r.i.AsyncReporter$BoundedAsyncReporter : Spans were dropped due to exceptions. All subsequent errors will be logged at FINE level.
2025-11-22T21:21:29.945+07:00  WARN 213967 --- [review-service] [AsyncReporter{ZipkinHttpClientSender{http://localhost:9411/api/v2/spans}}] [                                                 ] z.r.i.AsyncReporter$BoundedAsyncReporter : Dropped 2 spans due to ConnectException()

java.net.ConnectException: null
	at java.net.http/jdk.internal.net.http.HttpClientImpl.send(HttpClientImpl.java:923) ~[java.net.http:na]
	at java.net.http/jdk.internal.net.http.HttpClientFacade.send(HttpClientFacade.java:133) ~[java.net.http:na]
	at org.springframework.boot.actuate.autoconfigure.tracing.zipkin.ZipkinHttpClientSender.postSpans(ZipkinHttpClientSender.java:60) ~[spring-boot-actuator-autoconfigure-3.5.6.jar:3.5.6]
	at org.springframework.boot.actuate.autoconfigure.tracing.zipkin.HttpSender.postSpans(HttpSender.java:69) ~[spring-boot-actuator-autoconfigure-3.5.6.jar:3.5.6]
	at org.springframework.boot.actuate.autoconfigure.tracing.zipkin.HttpSender.postSpans(HttpSender.java:41) ~[spring-boot-actuator-autoconfigure-3.5.6.jar:3.5.6]
	at zipkin2.reporter.BaseHttpSender.send(BaseHttpSender.java:123) ~[zipkin-reporter-3.5.1.jar:na]
	at zipkin2.reporter.internal.AsyncReporter$BoundedAsyncReporter.flush(AsyncReporter.java:266) ~[zipkin-reporter-3.5.1.jar:na]
	at zipkin2.reporter.internal.AsyncReporter$Flusher.run(AsyncReporter.java:352) ~[zipkin-reporter-3.5.1.jar:na]
	at java.base/java.lang.Thread.run(Thread.java:1474) ~[na:na]
Caused by: java.net.ConnectException: null
	at java.net.http/jdk.internal.net.http.common.Utils.toConnectException(Utils.java:1070) ~[java.net.http:na]
	at java.net.http/jdk.internal.net.http.PlainHttpConnection.connectAsync(PlainHttpConnection.java:223) ~[java.net.http:na]
	at java.net.http/jdk.internal.net.http.PlainHttpConnection.checkRetryConnect(PlainHttpConnection.java:277) ~[java.net.http:na]
	at java.net.http/jdk.internal.net.http.PlainHttpConnection.lambda$connectAsync$0(PlainHttpConnection.java:235) ~[java.net.http:na]
	at java.base/java.util.concurrent.CompletableFuture.uniHandle(CompletableFuture.java:955) ~[na:na]
	at java.base/java.util.concurrent.CompletableFuture$UniHandle.tryFire(CompletableFuture.java:932) ~[na:na]
	at java.base/java.util.concurrent.CompletableFuture.postComplete(CompletableFuture.java:531) ~[na:na]
	at java.base/java.util.concurrent.CompletableFuture$AsyncSupply.run(CompletableFuture.java:1794) ~[na:na]
	at java.base/java.util.concurrent.ThreadPoolExecutor.runWorker(ThreadPoolExecutor.java:1090) ~[na:na]
	at java.base/java.util.concurrent.ThreadPoolExecutor$Worker.run(ThreadPoolExecutor.java:614) ~[na:na]
	... 1 common frames omitted
Caused by: java.nio.channels.ClosedChannelException: null
	at java.base/sun.nio.ch.SocketChannelImpl.ensureOpen(SocketChannelImpl.java:204) ~[na:na]
	at java.base/sun.nio.ch.SocketChannelImpl.connect(SocketChannelImpl.java:942) ~[na:na]
	at java.net.http/jdk.internal.net.http.PlainHttpConnection.connectAsync(PlainHttpConnection.java:211) ~[java.net.http:na]
	... 9 common frames omitted

2025-11-22T21:21:30.280+07:00  INFO 213967 --- [review-service] [main] [                                                 ] com.ecom.review.seeder.FakeDataSeeder    : ✓ Created 200 reviews
2025-11-22T21:21:30.280+07:00  INFO 213967 --- [review-service] [main] [                                                 ] com.ecom.review.seeder.FakeDataSeeder    : Review service fake data seeding completed!
2025-11-22T21:23:45.057+07:00  INFO 213967 --- [review-service] [http-nio-8087-exec-1] [                                                 ] o.a.c.c.C.[Tomcat].[localhost].[/]       : Initializing Spring DispatcherServlet 'dispatcherServlet'
2025-11-22T21:23:45.057+07:00  INFO 213967 --- [review-service] [http-nio-8087-exec-1] [                                                 ] o.s.web.servlet.DispatcherServlet        : Initializing Servlet 'dispatcherServlet'
2025-11-22T21:23:45.061+07:00  INFO 213967 --- [review-service] [http-nio-8087-exec-1] [                                                 ] o.s.web.servlet.DispatcherServlet        : Completed initialization in 3 ms
2025-11-22T21:24:29.743+07:00  INFO 213967 --- [review-service] [SpringApplicationShutdownHook] [                                                 ] o.s.c.n.e.s.EurekaServiceRegistry        : Unregistering application REVIEW-SERVICE with eureka with status DOWN
2025-11-22T21:24:29.743+07:00  INFO 213967 --- [review-service] [SpringApplicationShutdownHook] [                                                 ] com.netflix.discovery.DiscoveryClient    : Saw local status change event StatusChangeEvent [timestamp=1763821469743, current=DOWN, previous=UP]
2025-11-22T21:24:29.743+07:00  INFO 213967 --- [review-service] [DiscoveryClient-InstanceInfoReplicator-%d] [                                                 ] com.netflix.discovery.DiscoveryClient    : DiscoveryClient_REVIEW-SERVICE/archlinux:review-service:8087: registering service...
2025-11-22T21:24:29.746+07:00  INFO 213967 --- [review-service] [SpringApplicationShutdownHook] [                                                 ] o.s.b.w.e.tomcat.GracefulShutdown        : Commencing graceful shutdown. Waiting for active requests to complete
2025-11-22T21:24:29.748+07:00  INFO 213967 --- [review-service] [tomcat-shutdown] [                                                 ] o.s.b.w.e.tomcat.GracefulShutdown        : Graceful shutdown complete
2025-11-22T21:24:29.749+07:00  INFO 213967 --- [review-service] [DiscoveryClient-InstanceInfoReplicator-%d] [                                                 ] com.netflix.discovery.DiscoveryClient    : DiscoveryClient_REVIEW-SERVICE/archlinux:review-service:8087 - registration status: 204
2025-11-22T21:24:29.750+07:00  INFO 213967 --- [review-service] [SpringApplicationShutdownHook] [                                                 ] o.s.i.endpoint.EventDrivenConsumer       : Removing {logging-channel-adapter:_org.springframework.integration.errorLogger} as a subscriber to the 'errorChannel' channel
2025-11-22T21:24:29.750+07:00  INFO 213967 --- [review-service] [SpringApplicationShutdownHook] [                                                 ] o.s.i.channel.PublishSubscribeChannel    : Channel 'review-service.errorChannel' has 0 subscriber(s).
2025-11-22T21:24:29.750+07:00  INFO 213967 --- [review-service] [SpringApplicationShutdownHook] [                                                 ] o.s.i.endpoint.EventDrivenConsumer       : stopped bean '_org.springframework.integration.errorLogger'
2025-11-22T21:24:29.757+07:00  INFO 213967 --- [review-service] [SpringApplicationShutdownHook] [                                                 ] j.LocalContainerEntityManagerFactoryBean : Closing JPA EntityManagerFactory for persistence unit 'default'
2025-11-22T21:24:29.764+07:00  INFO 213967 --- [review-service] [SpringApplicationShutdownHook] [                                                 ] com.zaxxer.hikari.HikariDataSource       : HikariPool-1 - Shutdown initiated...
2025-11-22T21:24:29.766+07:00  INFO 213967 --- [review-service] [SpringApplicationShutdownHook] [                                                 ] com.zaxxer.hikari.HikariDataSource       : HikariPool-1 - Shutdown completed.
2025-11-22T21:24:29.990+07:00  INFO 213967 --- [review-service] [SpringApplicationShutdownHook] [                                                 ] com.netflix.discovery.DiscoveryClient    : Shutting down DiscoveryClient ...
2025-11-22T21:24:32.991+07:00  INFO 213967 --- [review-service] [SpringApplicationShutdownHook] [                                                 ] com.netflix.discovery.DiscoveryClient    : Unregistering ...
2025-11-22T21:24:32.997+07:00  INFO 213967 --- [review-service] [SpringApplicationShutdownHook] [                                                 ] com.netflix.discovery.DiscoveryClient    : DiscoveryClient_REVIEW-SERVICE/archlinux:review-service:8087 - deregister  status: 200
2025-11-22T21:24:32.997+07:00  INFO 213967 --- [review-service] [SpringApplicationShutdownHook] [                                                 ] com.netflix.discovery.DiscoveryClient    : Completed shut down of DiscoveryClient
2025-11-22T21:24:37.859+07:00  INFO 215810 --- [review-service] [main] [                                                 ] com.ecom.review.ReviewApplication        : Starting ReviewApplication using Java 25.0.1 with PID 215810 (/home/fragile/Desktop/platform-ecom/platform-ecom-backend/review/target/classes started by fragile in /home/fragile/Desktop/platform-ecom)
2025-11-22T21:24:37.869+07:00  INFO 215810 --- [review-service] [main] [                                                 ] com.ecom.review.ReviewApplication        : No active profile set, falling back to 1 default profile: "default"
2025-11-22T21:24:37.918+07:00  INFO 215810 --- [review-service] [main] [                                                 ] o.s.c.c.c.ConfigServerConfigDataLoader   : Fetching config from server at : http://localhost:8888
2025-11-22T21:24:37.918+07:00  INFO 215810 --- [review-service] [main] [                                                 ] o.s.c.c.c.ConfigServerConfigDataLoader   : Located environment: name=review-service, profiles=[default], label=null, version=00affd3c4a6a8588b7c0a45a6762ea14a0883965, state=
2025-11-22T21:24:38.971+07:00  INFO 215810 --- [review-service] [main] [                                                 ] .s.d.r.c.RepositoryConfigurationDelegate : Bootstrapping Spring Data JPA repositories in DEFAULT mode.
2025-11-22T21:24:39.076+07:00  INFO 215810 --- [review-service] [main] [                                                 ] .s.d.r.c.RepositoryConfigurationDelegate : Finished Spring Data repository scanning in 97 ms. Found 1 JPA repository interface.
2025-11-22T21:24:39.272+07:00  INFO 215810 --- [review-service] [main] [                                                 ] faultConfiguringBeanFactoryPostProcessor : No bean named 'errorChannel' has been explicitly defined. Therefore, a default PublishSubscribeChannel will be created.
2025-11-22T21:24:39.281+07:00  INFO 215810 --- [review-service] [main] [                                                 ] faultConfiguringBeanFactoryPostProcessor : No bean named 'integrationHeaderChannelRegistry' has been explicitly defined. Therefore, a default DefaultHeaderChannelRegistry will be created.
2025-11-22T21:24:39.402+07:00  INFO 215810 --- [review-service] [main] [                                                 ] o.s.cloud.context.scope.GenericScope     : BeanFactory id=d88a7b53-76c3-3d4f-9822-3f67c1f7a04a
2025-11-22T21:24:39.917+07:00  INFO 215810 --- [review-service] [main] [                                                 ] o.s.b.w.embedded.tomcat.TomcatWebServer  : Tomcat initialized with port 8087 (http)
2025-11-22T21:24:39.929+07:00  INFO 215810 --- [review-service] [main] [                                                 ] o.apache.catalina.core.StandardService   : Starting service [Tomcat]
2025-11-22T21:24:39.929+07:00  INFO 215810 --- [review-service] [main] [                                                 ] o.apache.catalina.core.StandardEngine    : Starting Servlet engine: [Apache Tomcat/10.1.46]
2025-11-22T21:24:39.980+07:00  INFO 215810 --- [review-service] [main] [                                                 ] o.a.c.c.C.[Tomcat].[localhost].[/]       : Initializing Spring embedded WebApplicationContext
2025-11-22T21:24:39.980+07:00  INFO 215810 --- [review-service] [main] [                                                 ] w.s.c.ServletWebServerApplicationContext : Root WebApplicationContext: initialization completed in 2061 ms
2025-11-22T21:24:40.713+07:00  INFO 215810 --- [review-service] [main] [                                                 ] o.hibernate.jpa.internal.util.LogHelper  : HHH000204: Processing PersistenceUnitInfo [name: default]
2025-11-22T21:24:40.761+07:00  INFO 215810 --- [review-service] [main] [                                                 ] org.hibernate.Version                    : HHH000412: Hibernate ORM core version 6.6.29.Final
2025-11-22T21:24:40.805+07:00  INFO 215810 --- [review-service] [main] [                                                 ] o.h.c.internal.RegionFactoryInitiator    : HHH000026: Second-level cache disabled
2025-11-22T21:24:41.032+07:00  INFO 215810 --- [review-service] [main] [                                                 ] o.s.o.j.p.SpringPersistenceUnitInfo      : No LoadTimeWeaver setup: ignoring JPA class transformer
2025-11-22T21:24:41.059+07:00  INFO 215810 --- [review-service] [main] [                                                 ] com.zaxxer.hikari.HikariDataSource       : HikariPool-1 - Starting...
2025-11-22T21:24:41.201+07:00  INFO 215810 --- [review-service] [main] [                                                 ] com.zaxxer.hikari.pool.HikariPool        : HikariPool-1 - Added connection org.postgresql.jdbc.PgConnection@5b5d6f9c
2025-11-22T21:24:41.202+07:00  INFO 215810 --- [review-service] [main] [                                                 ] com.zaxxer.hikari.HikariDataSource       : HikariPool-1 - Start completed.
2025-11-22T21:24:41.224+07:00  WARN 215810 --- [review-service] [main] [                                                 ] org.hibernate.orm.deprecation            : HHH90000025: PostgreSQLDialect does not need to be specified explicitly using 'hibernate.dialect' (remove the property setting and it will be selected by default)
2025-11-22T21:24:41.241+07:00  INFO 215810 --- [review-service] [main] [                                                 ] org.hibernate.orm.connections.pooling    : HHH10001005: Database info:
	Database JDBC URL [Connecting through datasource 'HikariDataSource (HikariPool-1)']
	Database driver: undefined/unknown
	Database version: 17.6
	Autocommit mode: undefined/unknown
	Isolation level: undefined/unknown
	Minimum pool size: undefined/unknown
	Maximum pool size: undefined/unknown
2025-11-22T21:24:42.052+07:00  INFO 215810 --- [review-service] [main] [                                                 ] o.h.e.t.j.p.i.JtaPlatformInitiator       : HHH000489: No JTA platform available (set 'hibernate.transaction.jta.platform' to enable JTA platform integration)
2025-11-22T21:24:42.076+07:00  INFO 215810 --- [review-service] [main] [                                                 ] j.LocalContainerEntityManagerFactoryBean : Initialized JPA EntityManagerFactory for persistence unit 'default'
2025-11-22T21:24:42.332+07:00  INFO 215810 --- [review-service] [main] [                                                 ] o.s.d.j.r.query.QueryEnhancerFactory     : Hibernate is in classpath; If applicable, HQL parser will be used.
2025-11-22T21:24:43.804+07:00  WARN 215810 --- [review-service] [main] [                                                 ] JpaBaseConfiguration$JpaWebConfiguration : spring.jpa.open-in-view is enabled by default. Therefore, database queries may be performed during view rendering. Explicitly configure spring.jpa.open-in-view to disable this warning
2025-11-22T21:24:44.644+07:00  INFO 215810 --- [review-service] [main] [                                                 ] DiscoveryClientOptionalArgsConfiguration : Eureka HTTP Client uses RestTemplate.
2025-11-22T21:24:44.695+07:00  WARN 215810 --- [review-service] [main] [                                                 ] iguration$LoadBalancerCaffeineWarnLogger : Spring Cloud LoadBalancer is currently working with the default cache. While this cache implementation is useful for development and tests, it's recommended to use Caffeine cache in production.You can switch to using Caffeine cache, by adding it and org.springframework.cache.caffeine.CaffeineCacheManager to the classpath.
2025-11-22T21:24:44.708+07:00  INFO 215810 --- [review-service] [main] [                                                 ] o.s.b.a.e.web.EndpointLinksResolver      : Exposing 22 endpoints beneath base path '/actuator'
2025-11-22T21:24:44.880+07:00  INFO 215810 --- [review-service] [main] [                                                 ] o.s.i.endpoint.EventDrivenConsumer       : Adding {logging-channel-adapter:_org.springframework.integration.errorLogger} as a subscriber to the 'errorChannel' channel
2025-11-22T21:24:44.881+07:00  INFO 215810 --- [review-service] [main] [                                                 ] o.s.i.channel.PublishSubscribeChannel    : Channel 'review-service.errorChannel' has 1 subscriber(s).
2025-11-22T21:24:44.881+07:00  INFO 215810 --- [review-service] [main] [                                                 ] o.s.i.endpoint.EventDrivenConsumer       : started bean '_org.springframework.integration.errorLogger'
2025-11-22T21:24:44.888+07:00  INFO 215810 --- [review-service] [main] [                                                 ] o.s.c.n.eureka.InstanceInfoFactory       : Setting initial instance status as: STARTING
2025-11-22T21:24:44.904+07:00  INFO 215810 --- [review-service] [main] [                                                 ] com.netflix.discovery.DiscoveryClient    : Initializing Eureka in region us-east-1
2025-11-22T21:24:44.907+07:00  INFO 215810 --- [review-service] [main] [                                                 ] c.n.d.s.r.aws.ConfigClusterResolver      : Resolving eureka endpoints via configuration
2025-11-22T21:24:44.914+07:00  INFO 215810 --- [review-service] [main] [                                                 ] com.netflix.discovery.DiscoveryClient    : Disable delta property : false
2025-11-22T21:24:44.914+07:00  INFO 215810 --- [review-service] [main] [                                                 ] com.netflix.discovery.DiscoveryClient    : Single vip registry refresh property : null
2025-11-22T21:24:44.914+07:00  INFO 215810 --- [review-service] [main] [                                                 ] com.netflix.discovery.DiscoveryClient    : Force full registry fetch : false
2025-11-22T21:24:44.914+07:00  INFO 215810 --- [review-service] [main] [                                                 ] com.netflix.discovery.DiscoveryClient    : Application is null : false
2025-11-22T21:24:44.914+07:00  INFO 215810 --- [review-service] [main] [                                                 ] com.netflix.discovery.DiscoveryClient    : Registered Applications size is zero : true
2025-11-22T21:24:44.914+07:00  INFO 215810 --- [review-service] [main] [                                                 ] com.netflix.discovery.DiscoveryClient    : Application version is -1: true
2025-11-22T21:24:44.914+07:00  INFO 215810 --- [review-service] [main] [                                                 ] com.netflix.discovery.DiscoveryClient    : Getting all instance registry info from the eureka server
2025-11-22T21:24:45.061+07:00  INFO 215810 --- [review-service] [main] [                                                 ] com.netflix.discovery.DiscoveryClient    : The response status is 200
2025-11-22T21:24:45.063+07:00  INFO 215810 --- [review-service] [main] [                                                 ] com.netflix.discovery.DiscoveryClient    : Starting heartbeat executor: renew interval is: 30
2025-11-22T21:24:45.065+07:00  INFO 215810 --- [review-service] [main] [                                                 ] c.n.discovery.InstanceInfoReplicator     : InstanceInfoReplicator onDemand update allowed rate per min is 4
2025-11-22T21:24:45.066+07:00  INFO 215810 --- [review-service] [main] [                                                 ] com.netflix.discovery.DiscoveryClient    : Discovery Client initialized at timestamp 1763821485065 with initial instances count: 5
2025-11-22T21:24:45.069+07:00  INFO 215810 --- [review-service] [main] [                                                 ] o.s.c.n.e.s.EurekaServiceRegistry        : Registering application REVIEW-SERVICE with eureka with status UP
2025-11-22T21:24:45.070+07:00  INFO 215810 --- [review-service] [main] [                                                 ] com.netflix.discovery.DiscoveryClient    : Saw local status change event StatusChangeEvent [timestamp=1763821485070, current=UP, previous=STARTING]
2025-11-22T21:24:45.071+07:00  INFO 215810 --- [review-service] [DiscoveryClient-InstanceInfoReplicator-%d] [                                                 ] com.netflix.discovery.DiscoveryClient    : DiscoveryClient_REVIEW-SERVICE/archlinux:review-service:8087: registering service...
2025-11-22T21:24:45.090+07:00  INFO 215810 --- [review-service] [main] [                                                 ] o.s.b.w.embedded.tomcat.TomcatWebServer  : Tomcat started on port 8087 (http) with context path '/'
2025-11-22T21:24:45.091+07:00  INFO 215810 --- [review-service] [main] [                                                 ] .s.c.n.e.s.EurekaAutoServiceRegistration : Updating port to 8087
2025-11-22T21:24:45.117+07:00  INFO 215810 --- [review-service] [DiscoveryClient-InstanceInfoReplicator-%d] [                                                 ] com.netflix.discovery.DiscoveryClient    : DiscoveryClient_REVIEW-SERVICE/archlinux:review-service:8087 - registration status: 204
2025-11-22T21:24:45.127+07:00  INFO 215810 --- [review-service] [main] [                                                 ] com.ecom.review.ReviewApplication        : Started ReviewApplication in 9.496 seconds (process running for 10.015)
2025-11-22T21:24:45.270+07:00  INFO 215810 --- [review-service] [main] [                                                 ] com.ecom.review.seeder.FakeDataSeeder    : Starting Review service fake data seeding...
2025-11-22T21:24:45.271+07:00  INFO 215810 --- [review-service] [main] [                                                 ] com.ecom.review.seeder.FakeDataSeeder    : Seeding 200 reviews...
2025-11-22T21:24:45.784+07:00  INFO 215810 --- [review-service] [main] [                                                 ] com.ecom.review.seeder.FakeDataSeeder    : ✓ Created 200 reviews
2025-11-22T21:24:45.784+07:00  INFO 215810 --- [review-service] [main] [                                                 ] com.ecom.review.seeder.FakeDataSeeder    : Review service fake data seeding completed!
2025-11-22T21:24:46.099+07:00  WARN 215810 --- [review-service] [AsyncReporter{ZipkinHttpClientSender{http://localhost:9411/api/v2/spans}}] [                                                 ] z.r.i.AsyncReporter$BoundedAsyncReporter : Spans were dropped due to exceptions. All subsequent errors will be logged at FINE level.
2025-11-22T21:24:46.099+07:00  WARN 215810 --- [review-service] [AsyncReporter{ZipkinHttpClientSender{http://localhost:9411/api/v2/spans}}] [                                                 ] z.r.i.AsyncReporter$BoundedAsyncReporter : Dropped 2 spans due to ConnectException()

java.net.ConnectException: null
	at java.net.http/jdk.internal.net.http.HttpClientImpl.send(HttpClientImpl.java:923) ~[java.net.http:na]
	at java.net.http/jdk.internal.net.http.HttpClientFacade.send(HttpClientFacade.java:133) ~[java.net.http:na]
	at org.springframework.boot.actuate.autoconfigure.tracing.zipkin.ZipkinHttpClientSender.postSpans(ZipkinHttpClientSender.java:60) ~[spring-boot-actuator-autoconfigure-3.5.6.jar:3.5.6]
	at org.springframework.boot.actuate.autoconfigure.tracing.zipkin.HttpSender.postSpans(HttpSender.java:69) ~[spring-boot-actuator-autoconfigure-3.5.6.jar:3.5.6]
	at org.springframework.boot.actuate.autoconfigure.tracing.zipkin.HttpSender.postSpans(HttpSender.java:41) ~[spring-boot-actuator-autoconfigure-3.5.6.jar:3.5.6]
	at zipkin2.reporter.BaseHttpSender.send(BaseHttpSender.java:123) ~[zipkin-reporter-3.5.1.jar:na]
	at zipkin2.reporter.internal.AsyncReporter$BoundedAsyncReporter.flush(AsyncReporter.java:266) ~[zipkin-reporter-3.5.1.jar:na]
	at zipkin2.reporter.internal.AsyncReporter$Flusher.run(AsyncReporter.java:352) ~[zipkin-reporter-3.5.1.jar:na]
	at java.base/java.lang.Thread.run(Thread.java:1474) ~[na:na]
Caused by: java.net.ConnectException: null
	at java.net.http/jdk.internal.net.http.common.Utils.toConnectException(Utils.java:1070) ~[java.net.http:na]
	at java.net.http/jdk.internal.net.http.PlainHttpConnection.connectAsync(PlainHttpConnection.java:223) ~[java.net.http:na]
	at java.net.http/jdk.internal.net.http.PlainHttpConnection.checkRetryConnect(PlainHttpConnection.java:277) ~[java.net.http:na]
	at java.net.http/jdk.internal.net.http.PlainHttpConnection.lambda$connectAsync$0(PlainHttpConnection.java:235) ~[java.net.http:na]
	at java.base/java.util.concurrent.CompletableFuture.uniHandle(CompletableFuture.java:955) ~[na:na]
	at java.base/java.util.concurrent.CompletableFuture$UniHandle.tryFire(CompletableFuture.java:932) ~[na:na]
	at java.base/java.util.concurrent.CompletableFuture.postComplete(CompletableFuture.java:531) ~[na:na]
	at java.base/java.util.concurrent.CompletableFuture$AsyncSupply.run(CompletableFuture.java:1794) ~[na:na]
	at java.base/java.util.concurrent.ThreadPoolExecutor.runWorker(ThreadPoolExecutor.java:1090) ~[na:na]
	at java.base/java.util.concurrent.ThreadPoolExecutor$Worker.run(ThreadPoolExecutor.java:614) ~[na:na]
	... 1 common frames omitted
Caused by: java.nio.channels.ClosedChannelException: null
	at java.base/sun.nio.ch.SocketChannelImpl.ensureOpen(SocketChannelImpl.java:204) ~[na:na]
	at java.base/sun.nio.ch.SocketChannelImpl.connect(SocketChannelImpl.java:942) ~[na:na]
	at java.net.http/jdk.internal.net.http.PlainHttpConnection.connectAsync(PlainHttpConnection.java:211) ~[java.net.http:na]
	... 9 common frames omitted

2025-11-22T21:25:02.613+07:00  INFO 215810 --- [review-service] [http-nio-8087-exec-1] [                                                 ] o.a.c.c.C.[Tomcat].[localhost].[/]       : Initializing Spring DispatcherServlet 'dispatcherServlet'
2025-11-22T21:25:02.613+07:00  INFO 215810 --- [review-service] [http-nio-8087-exec-1] [                                                 ] o.s.web.servlet.DispatcherServlet        : Initializing Servlet 'dispatcherServlet'
2025-11-22T21:25:02.615+07:00  INFO 215810 --- [review-service] [http-nio-8087-exec-1] [                                                 ] o.s.web.servlet.DispatcherServlet        : Completed initialization in 1 ms
2025-11-22T21:29:44.916+07:00  INFO 215810 --- [review-service] [AsyncResolver-bootstrap-executor-%d] [                                                 ] c.n.d.s.r.aws.ConfigClusterResolver      : Resolving eureka endpoints via configuration
2025-11-22T21:34:44.919+07:00  INFO 215810 --- [review-service] [AsyncResolver-bootstrap-executor-%d] [                                                 ] c.n.d.s.r.aws.ConfigClusterResolver      : Resolving eureka endpoints via configuration
2025-11-22T21:37:12.189+07:00  INFO 215810 --- [review-service] [SpringApplicationShutdownHook] [                                                 ] o.s.c.n.e.s.EurekaServiceRegistry        : Unregistering application REVIEW-SERVICE with eureka with status DOWN
2025-11-22T21:37:12.189+07:00  INFO 215810 --- [review-service] [SpringApplicationShutdownHook] [                                                 ] com.netflix.discovery.DiscoveryClient    : Saw local status change event StatusChangeEvent [timestamp=1763822232189, current=DOWN, previous=UP]
2025-11-22T21:37:12.189+07:00  INFO 215810 --- [review-service] [DiscoveryClient-InstanceInfoReplicator-%d] [                                                 ] com.netflix.discovery.DiscoveryClient    : DiscoveryClient_REVIEW-SERVICE/archlinux:review-service:8087: registering service...
2025-11-22T21:37:12.193+07:00  INFO 215810 --- [review-service] [SpringApplicationShutdownHook] [                                                 ] o.s.b.w.e.tomcat.GracefulShutdown        : Commencing graceful shutdown. Waiting for active requests to complete
2025-11-22T21:37:12.195+07:00  INFO 215810 --- [review-service] [DiscoveryClient-InstanceInfoReplicator-%d] [                                                 ] com.netflix.discovery.DiscoveryClient    : DiscoveryClient_REVIEW-SERVICE/archlinux:review-service:8087 - registration status: 204
2025-11-22T21:37:12.198+07:00  INFO 215810 --- [review-service] [tomcat-shutdown] [                                                 ] o.s.b.w.e.tomcat.GracefulShutdown        : Graceful shutdown complete
2025-11-22T21:37:12.201+07:00  INFO 215810 --- [review-service] [SpringApplicationShutdownHook] [                                                 ] o.s.i.endpoint.EventDrivenConsumer       : Removing {logging-channel-adapter:_org.springframework.integration.errorLogger} as a subscriber to the 'errorChannel' channel
2025-11-22T21:37:12.201+07:00  INFO 215810 --- [review-service] [SpringApplicationShutdownHook] [                                                 ] o.s.i.channel.PublishSubscribeChannel    : Channel 'review-service.errorChannel' has 0 subscriber(s).
2025-11-22T21:37:12.201+07:00  INFO 215810 --- [review-service] [SpringApplicationShutdownHook] [                                                 ] o.s.i.endpoint.EventDrivenConsumer       : stopped bean '_org.springframework.integration.errorLogger'
2025-11-22T21:37:12.210+07:00  INFO 215810 --- [review-service] [SpringApplicationShutdownHook] [                                                 ] j.LocalContainerEntityManagerFactoryBean : Closing JPA EntityManagerFactory for persistence unit 'default'
2025-11-22T21:37:12.220+07:00  INFO 215810 --- [review-service] [SpringApplicationShutdownHook] [                                                 ] com.zaxxer.hikari.HikariDataSource       : HikariPool-1 - Shutdown initiated...
2025-11-22T21:37:12.222+07:00  INFO 215810 --- [review-service] [SpringApplicationShutdownHook] [                                                 ] com.zaxxer.hikari.HikariDataSource       : HikariPool-1 - Shutdown completed.
2025-11-22T21:37:12.326+07:00  INFO 215810 --- [review-service] [SpringApplicationShutdownHook] [                                                 ] com.netflix.discovery.DiscoveryClient    : Shutting down DiscoveryClient ...
2025-11-22T21:37:15.327+07:00  INFO 215810 --- [review-service] [SpringApplicationShutdownHook] [                                                 ] com.netflix.discovery.DiscoveryClient    : Unregistering ...
2025-11-22T21:37:15.327+07:00  WARN 215810 --- [review-service] [DiscoveryClient-%d] [                                                 ] c.netflix.discovery.TimedSupervisorTask  : task supervisor shutting down, can't accept the task
2025-11-22T21:37:15.334+07:00  INFO 215810 --- [review-service] [SpringApplicationShutdownHook] [                                                 ] com.netflix.discovery.DiscoveryClient    : DiscoveryClient_REVIEW-SERVICE/archlinux:review-service:8087 - deregister  status: 200
2025-11-22T21:37:15.334+07:00  INFO 215810 --- [review-service] [SpringApplicationShutdownHook] [                                                 ] com.netflix.discovery.DiscoveryClient    : Completed shut down of DiscoveryClient
2025-11-22T21:37:19.029+07:00  INFO 222274 --- [review-service] [main] [                                                 ] com.ecom.review.ReviewApplication        : Starting ReviewApplication using Java 25.0.1 with PID 222274 (/home/fragile/Desktop/platform-ecom/platform-ecom-backend/review/target/classes started by fragile in /home/fragile/Desktop/platform-ecom)
2025-11-22T21:37:19.033+07:00  INFO 222274 --- [review-service] [main] [                                                 ] com.ecom.review.ReviewApplication        : No active profile set, falling back to 1 default profile: "default"
2025-11-22T21:37:19.073+07:00  INFO 222274 --- [review-service] [main] [                                                 ] o.s.c.c.c.ConfigServerConfigDataLoader   : Fetching config from server at : http://localhost:8888
2025-11-22T21:37:19.073+07:00  INFO 222274 --- [review-service] [main] [                                                 ] o.s.c.c.c.ConfigServerConfigDataLoader   : Located environment: name=review-service, profiles=[default], label=null, version=00affd3c4a6a8588b7c0a45a6762ea14a0883965, state=
2025-11-22T21:37:20.248+07:00  INFO 222274 --- [review-service] [main] [                                                 ] .s.d.r.c.RepositoryConfigurationDelegate : Bootstrapping Spring Data JPA repositories in DEFAULT mode.
2025-11-22T21:37:20.370+07:00  INFO 222274 --- [review-service] [main] [                                                 ] .s.d.r.c.RepositoryConfigurationDelegate : Finished Spring Data repository scanning in 108 ms. Found 1 JPA repository interface.
2025-11-22T21:37:20.572+07:00  INFO 222274 --- [review-service] [main] [                                                 ] faultConfiguringBeanFactoryPostProcessor : No bean named 'errorChannel' has been explicitly defined. Therefore, a default PublishSubscribeChannel will be created.
2025-11-22T21:37:20.578+07:00  INFO 222274 --- [review-service] [main] [                                                 ] faultConfiguringBeanFactoryPostProcessor : No bean named 'integrationHeaderChannelRegistry' has been explicitly defined. Therefore, a default DefaultHeaderChannelRegistry will be created.
2025-11-22T21:37:20.679+07:00  INFO 222274 --- [review-service] [main] [                                                 ] o.s.cloud.context.scope.GenericScope     : BeanFactory id=d88a7b53-76c3-3d4f-9822-3f67c1f7a04a
2025-11-22T21:37:21.256+07:00  INFO 222274 --- [review-service] [main] [                                                 ] o.s.b.w.embedded.tomcat.TomcatWebServer  : Tomcat initialized with port 8087 (http)
2025-11-22T21:37:21.270+07:00  INFO 222274 --- [review-service] [main] [                                                 ] o.apache.catalina.core.StandardService   : Starting service [Tomcat]
2025-11-22T21:37:21.270+07:00  INFO 222274 --- [review-service] [main] [                                                 ] o.apache.catalina.core.StandardEngine    : Starting Servlet engine: [Apache Tomcat/10.1.46]
2025-11-22T21:37:21.304+07:00  INFO 222274 --- [review-service] [main] [                                                 ] o.a.c.c.C.[Tomcat].[localhost].[/]       : Initializing Spring embedded WebApplicationContext
2025-11-22T21:37:21.305+07:00  INFO 222274 --- [review-service] [main] [                                                 ] w.s.c.ServletWebServerApplicationContext : Root WebApplicationContext: initialization completed in 2230 ms
2025-11-22T21:37:21.899+07:00  INFO 222274 --- [review-service] [main] [                                                 ] o.hibernate.jpa.internal.util.LogHelper  : HHH000204: Processing PersistenceUnitInfo [name: default]
2025-11-22T21:37:21.938+07:00  INFO 222274 --- [review-service] [main] [                                                 ] org.hibernate.Version                    : HHH000412: Hibernate ORM core version 6.6.29.Final
2025-11-22T21:37:21.966+07:00  INFO 222274 --- [review-service] [main] [                                                 ] o.h.c.internal.RegionFactoryInitiator    : HHH000026: Second-level cache disabled
2025-11-22T21:37:22.167+07:00  INFO 222274 --- [review-service] [main] [                                                 ] o.s.o.j.p.SpringPersistenceUnitInfo      : No LoadTimeWeaver setup: ignoring JPA class transformer
2025-11-22T21:37:22.187+07:00  INFO 222274 --- [review-service] [main] [                                                 ] com.zaxxer.hikari.HikariDataSource       : HikariPool-1 - Starting...
2025-11-22T21:37:22.352+07:00  INFO 222274 --- [review-service] [main] [                                                 ] com.zaxxer.hikari.pool.HikariPool        : HikariPool-1 - Added connection org.postgresql.jdbc.PgConnection@91c11b6
2025-11-22T21:37:22.354+07:00  INFO 222274 --- [review-service] [main] [                                                 ] com.zaxxer.hikari.HikariDataSource       : HikariPool-1 - Start completed.
2025-11-22T21:37:22.385+07:00  WARN 222274 --- [review-service] [main] [                                                 ] org.hibernate.orm.deprecation            : HHH90000025: PostgreSQLDialect does not need to be specified explicitly using 'hibernate.dialect' (remove the property setting and it will be selected by default)
2025-11-22T21:37:22.401+07:00  INFO 222274 --- [review-service] [main] [                                                 ] org.hibernate.orm.connections.pooling    : HHH10001005: Database info:
	Database JDBC URL [Connecting through datasource 'HikariDataSource (HikariPool-1)']
	Database driver: undefined/unknown
	Database version: 17.6
	Autocommit mode: undefined/unknown
	Isolation level: undefined/unknown
	Minimum pool size: undefined/unknown
	Maximum pool size: undefined/unknown
2025-11-22T21:37:23.016+07:00  INFO 222274 --- [review-service] [main] [                                                 ] o.h.e.t.j.p.i.JtaPlatformInitiator       : HHH000489: No JTA platform available (set 'hibernate.transaction.jta.platform' to enable JTA platform integration)
2025-11-22T21:37:23.043+07:00  INFO 222274 --- [review-service] [main] [                                                 ] j.LocalContainerEntityManagerFactoryBean : Initialized JPA EntityManagerFactory for persistence unit 'default'
2025-11-22T21:37:23.282+07:00  INFO 222274 --- [review-service] [main] [                                                 ] o.s.d.j.r.query.QueryEnhancerFactory     : Hibernate is in classpath; If applicable, HQL parser will be used.
2025-11-22T21:37:24.081+07:00  WARN 222274 --- [review-service] [main] [                                                 ] JpaBaseConfiguration$JpaWebConfiguration : spring.jpa.open-in-view is enabled by default. Therefore, database queries may be performed during view rendering. Explicitly configure spring.jpa.open-in-view to disable this warning
2025-11-22T21:37:24.893+07:00  INFO 222274 --- [review-service] [main] [                                                 ] DiscoveryClientOptionalArgsConfiguration : Eureka HTTP Client uses RestTemplate.
2025-11-22T21:37:24.935+07:00  WARN 222274 --- [review-service] [main] [                                                 ] iguration$LoadBalancerCaffeineWarnLogger : Spring Cloud LoadBalancer is currently working with the default cache. While this cache implementation is useful for development and tests, it's recommended to use Caffeine cache in production.You can switch to using Caffeine cache, by adding it and org.springframework.cache.caffeine.CaffeineCacheManager to the classpath.
2025-11-22T21:37:24.943+07:00  INFO 222274 --- [review-service] [main] [                                                 ] o.s.b.a.e.web.EndpointLinksResolver      : Exposing 22 endpoints beneath base path '/actuator'
2025-11-22T21:37:25.121+07:00  INFO 222274 --- [review-service] [main] [                                                 ] o.s.i.endpoint.EventDrivenConsumer       : Adding {logging-channel-adapter:_org.springframework.integration.errorLogger} as a subscriber to the 'errorChannel' channel
2025-11-22T21:37:25.121+07:00  INFO 222274 --- [review-service] [main] [                                                 ] o.s.i.channel.PublishSubscribeChannel    : Channel 'review-service.errorChannel' has 1 subscriber(s).
2025-11-22T21:37:25.122+07:00  INFO 222274 --- [review-service] [main] [                                                 ] o.s.i.endpoint.EventDrivenConsumer       : started bean '_org.springframework.integration.errorLogger'
2025-11-22T21:37:25.133+07:00  INFO 222274 --- [review-service] [main] [                                                 ] o.s.c.n.eureka.InstanceInfoFactory       : Setting initial instance status as: STARTING
2025-11-22T21:37:25.157+07:00  INFO 222274 --- [review-service] [main] [                                                 ] com.netflix.discovery.DiscoveryClient    : Initializing Eureka in region us-east-1
2025-11-22T21:37:25.160+07:00  INFO 222274 --- [review-service] [main] [                                                 ] c.n.d.s.r.aws.ConfigClusterResolver      : Resolving eureka endpoints via configuration
2025-11-22T21:37:25.166+07:00  INFO 222274 --- [review-service] [main] [                                                 ] com.netflix.discovery.DiscoveryClient    : Disable delta property : false
2025-11-22T21:37:25.166+07:00  INFO 222274 --- [review-service] [main] [                                                 ] com.netflix.discovery.DiscoveryClient    : Single vip registry refresh property : null
2025-11-22T21:37:25.166+07:00  INFO 222274 --- [review-service] [main] [                                                 ] com.netflix.discovery.DiscoveryClient    : Force full registry fetch : false
2025-11-22T21:37:25.166+07:00  INFO 222274 --- [review-service] [main] [                                                 ] com.netflix.discovery.DiscoveryClient    : Application is null : false
2025-11-22T21:37:25.166+07:00  INFO 222274 --- [review-service] [main] [                                                 ] com.netflix.discovery.DiscoveryClient    : Registered Applications size is zero : true
2025-11-22T21:37:25.166+07:00  INFO 222274 --- [review-service] [main] [                                                 ] com.netflix.discovery.DiscoveryClient    : Application version is -1: true
2025-11-22T21:37:25.166+07:00  INFO 222274 --- [review-service] [main] [                                                 ] com.netflix.discovery.DiscoveryClient    : Getting all instance registry info from the eureka server
2025-11-22T21:37:25.278+07:00  INFO 222274 --- [review-service] [main] [                                                 ] com.netflix.discovery.DiscoveryClient    : The response status is 200
2025-11-22T21:37:25.280+07:00  INFO 222274 --- [review-service] [main] [                                                 ] com.netflix.discovery.DiscoveryClient    : Starting heartbeat executor: renew interval is: 30
2025-11-22T21:37:25.287+07:00  INFO 222274 --- [review-service] [main] [                                                 ] c.n.discovery.InstanceInfoReplicator     : InstanceInfoReplicator onDemand update allowed rate per min is 4
2025-11-22T21:37:25.288+07:00  INFO 222274 --- [review-service] [main] [                                                 ] com.netflix.discovery.DiscoveryClient    : Discovery Client initialized at timestamp 1763822245288 with initial instances count: 5
2025-11-22T21:37:25.295+07:00  INFO 222274 --- [review-service] [main] [                                                 ] o.s.c.n.e.s.EurekaServiceRegistry        : Registering application REVIEW-SERVICE with eureka with status UP
2025-11-22T21:37:25.296+07:00  INFO 222274 --- [review-service] [main] [                                                 ] com.netflix.discovery.DiscoveryClient    : Saw local status change event StatusChangeEvent [timestamp=1763822245296, current=UP, previous=STARTING]
2025-11-22T21:37:25.297+07:00  INFO 222274 --- [review-service] [DiscoveryClient-InstanceInfoReplicator-%d] [                                                 ] com.netflix.discovery.DiscoveryClient    : DiscoveryClient_REVIEW-SERVICE/archlinux:review-service:8087: registering service...
2025-11-22T21:37:25.314+07:00  INFO 222274 --- [review-service] [main] [                                                 ] o.s.b.w.embedded.tomcat.TomcatWebServer  : Tomcat started on port 8087 (http) with context path '/'
2025-11-22T21:37:25.315+07:00  INFO 222274 --- [review-service] [main] [                                                 ] .s.c.n.e.s.EurekaAutoServiceRegistration : Updating port to 8087
2025-11-22T21:37:25.361+07:00  INFO 222274 --- [review-service] [main] [                                                 ] com.ecom.review.ReviewApplication        : Started ReviewApplication in 8.474 seconds (process running for 9.229)
2025-11-22T21:37:25.365+07:00  INFO 222274 --- [review-service] [DiscoveryClient-InstanceInfoReplicator-%d] [                                                 ] com.netflix.discovery.DiscoveryClient    : DiscoveryClient_REVIEW-SERVICE/archlinux:review-service:8087 - registration status: 204
2025-11-22T21:37:25.480+07:00  INFO 222274 --- [review-service] [main] [                                                 ] com.ecom.review.seeder.FakeDataSeeder    : Starting Review service fake data seeding...
2025-11-22T21:37:25.481+07:00  INFO 222274 --- [review-service] [main] [                                                 ] com.ecom.review.seeder.FakeDataSeeder    : Seeding 200 reviews...
2025-11-22T21:37:25.869+07:00  INFO 222274 --- [review-service] [main] [                                                 ] com.ecom.review.seeder.FakeDataSeeder    : ✓ Created 200 reviews
2025-11-22T21:37:25.869+07:00  INFO 222274 --- [review-service] [main] [                                                 ] com.ecom.review.seeder.FakeDataSeeder    : Review service fake data seeding completed!
2025-11-22T21:37:26.300+07:00  WARN 222274 --- [review-service] [AsyncReporter{ZipkinHttpClientSender{http://localhost:9411/api/v2/spans}}] [                                                 ] z.r.i.AsyncReporter$BoundedAsyncReporter : Spans were dropped due to exceptions. All subsequent errors will be logged at FINE level.
2025-11-22T21:37:26.300+07:00  WARN 222274 --- [review-service] [AsyncReporter{ZipkinHttpClientSender{http://localhost:9411/api/v2/spans}}] [                                                 ] z.r.i.AsyncReporter$BoundedAsyncReporter : Dropped 2 spans due to ConnectException()

java.net.ConnectException: null
	at java.net.http/jdk.internal.net.http.HttpClientImpl.send(HttpClientImpl.java:923) ~[java.net.http:na]
	at java.net.http/jdk.internal.net.http.HttpClientFacade.send(HttpClientFacade.java:133) ~[java.net.http:na]
	at org.springframework.boot.actuate.autoconfigure.tracing.zipkin.ZipkinHttpClientSender.postSpans(ZipkinHttpClientSender.java:60) ~[spring-boot-actuator-autoconfigure-3.5.6.jar:3.5.6]
	at org.springframework.boot.actuate.autoconfigure.tracing.zipkin.HttpSender.postSpans(HttpSender.java:69) ~[spring-boot-actuator-autoconfigure-3.5.6.jar:3.5.6]
	at org.springframework.boot.actuate.autoconfigure.tracing.zipkin.HttpSender.postSpans(HttpSender.java:41) ~[spring-boot-actuator-autoconfigure-3.5.6.jar:3.5.6]
	at zipkin2.reporter.BaseHttpSender.send(BaseHttpSender.java:123) ~[zipkin-reporter-3.5.1.jar:na]
	at zipkin2.reporter.internal.AsyncReporter$BoundedAsyncReporter.flush(AsyncReporter.java:266) ~[zipkin-reporter-3.5.1.jar:na]
	at zipkin2.reporter.internal.AsyncReporter$Flusher.run(AsyncReporter.java:352) ~[zipkin-reporter-3.5.1.jar:na]
	at java.base/java.lang.Thread.run(Thread.java:1474) ~[na:na]
Caused by: java.net.ConnectException: null
	at java.net.http/jdk.internal.net.http.common.Utils.toConnectException(Utils.java:1070) ~[java.net.http:na]
	at java.net.http/jdk.internal.net.http.PlainHttpConnection.connectAsync(PlainHttpConnection.java:223) ~[java.net.http:na]
	at java.net.http/jdk.internal.net.http.PlainHttpConnection.checkRetryConnect(PlainHttpConnection.java:277) ~[java.net.http:na]
	at java.net.http/jdk.internal.net.http.PlainHttpConnection.lambda$connectAsync$0(PlainHttpConnection.java:235) ~[java.net.http:na]
	at java.base/java.util.concurrent.CompletableFuture.uniHandle(CompletableFuture.java:955) ~[na:na]
	at java.base/java.util.concurrent.CompletableFuture$UniHandle.tryFire(CompletableFuture.java:932) ~[na:na]
	at java.base/java.util.concurrent.CompletableFuture.postComplete(CompletableFuture.java:531) ~[na:na]
	at java.base/java.util.concurrent.CompletableFuture$AsyncSupply.run(CompletableFuture.java:1794) ~[na:na]
	at java.base/java.util.concurrent.ThreadPoolExecutor.runWorker(ThreadPoolExecutor.java:1090) ~[na:na]
	at java.base/java.util.concurrent.ThreadPoolExecutor$Worker.run(ThreadPoolExecutor.java:614) ~[na:na]
	... 1 common frames omitted
Caused by: java.nio.channels.ClosedChannelException: null
	at java.base/sun.nio.ch.SocketChannelImpl.ensureOpen(SocketChannelImpl.java:204) ~[na:na]
	at java.base/sun.nio.ch.SocketChannelImpl.connect(SocketChannelImpl.java:942) ~[na:na]
	at java.net.http/jdk.internal.net.http.PlainHttpConnection.connectAsync(PlainHttpConnection.java:211) ~[java.net.http:na]
	... 9 common frames omitted

2025-11-22T21:37:44.066+07:00  INFO 222274 --- [review-service] [http-nio-8087-exec-1] [                                                 ] o.a.c.c.C.[Tomcat].[localhost].[/]       : Initializing Spring DispatcherServlet 'dispatcherServlet'
2025-11-22T21:37:44.067+07:00  INFO 222274 --- [review-service] [http-nio-8087-exec-1] [                                                 ] o.s.web.servlet.DispatcherServlet        : Initializing Servlet 'dispatcherServlet'
2025-11-22T21:37:44.068+07:00  INFO 222274 --- [review-service] [http-nio-8087-exec-1] [                                                 ] o.s.web.servlet.DispatcherServlet        : Completed initialization in 1 ms
2025-11-22T21:40:06.955+07:00  INFO 222274 --- [review-service] [SpringApplicationShutdownHook] [                                                 ] o.s.c.n.e.s.EurekaServiceRegistry        : Unregistering application REVIEW-SERVICE with eureka with status DOWN
2025-11-22T21:40:06.956+07:00  INFO 222274 --- [review-service] [SpringApplicationShutdownHook] [                                                 ] com.netflix.discovery.DiscoveryClient    : Saw local status change event StatusChangeEvent [timestamp=1763822406956, current=DOWN, previous=UP]
2025-11-22T21:40:06.956+07:00  INFO 222274 --- [review-service] [DiscoveryClient-InstanceInfoReplicator-%d] [                                                 ] com.netflix.discovery.DiscoveryClient    : DiscoveryClient_REVIEW-SERVICE/archlinux:review-service:8087: registering service...
2025-11-22T21:40:06.959+07:00  INFO 222274 --- [review-service] [SpringApplicationShutdownHook] [                                                 ] o.s.b.w.e.tomcat.GracefulShutdown        : Commencing graceful shutdown. Waiting for active requests to complete
2025-11-22T21:40:06.962+07:00  INFO 222274 --- [review-service] [DiscoveryClient-InstanceInfoReplicator-%d] [                                                 ] com.netflix.discovery.DiscoveryClient    : DiscoveryClient_REVIEW-SERVICE/archlinux:review-service:8087 - registration status: 204
2025-11-22T21:40:06.964+07:00  INFO 222274 --- [review-service] [tomcat-shutdown] [                                                 ] o.s.b.w.e.tomcat.GracefulShutdown        : Graceful shutdown complete
2025-11-22T21:40:06.967+07:00  INFO 222274 --- [review-service] [SpringApplicationShutdownHook] [                                                 ] o.s.i.endpoint.EventDrivenConsumer       : Removing {logging-channel-adapter:_org.springframework.integration.errorLogger} as a subscriber to the 'errorChannel' channel
2025-11-22T21:40:06.968+07:00  INFO 222274 --- [review-service] [SpringApplicationShutdownHook] [                                                 ] o.s.i.channel.PublishSubscribeChannel    : Channel 'review-service.errorChannel' has 0 subscriber(s).
2025-11-22T21:40:06.968+07:00  INFO 222274 --- [review-service] [SpringApplicationShutdownHook] [                                                 ] o.s.i.endpoint.EventDrivenConsumer       : stopped bean '_org.springframework.integration.errorLogger'
2025-11-22T21:40:06.975+07:00  INFO 222274 --- [review-service] [SpringApplicationShutdownHook] [                                                 ] j.LocalContainerEntityManagerFactoryBean : Closing JPA EntityManagerFactory for persistence unit 'default'
2025-11-22T21:40:06.985+07:00  INFO 222274 --- [review-service] [SpringApplicationShutdownHook] [                                                 ] com.zaxxer.hikari.HikariDataSource       : HikariPool-1 - Shutdown initiated...
2025-11-22T21:40:06.987+07:00  INFO 222274 --- [review-service] [SpringApplicationShutdownHook] [                                                 ] com.zaxxer.hikari.HikariDataSource       : HikariPool-1 - Shutdown completed.
2025-11-22T21:40:07.341+07:00  INFO 222274 --- [review-service] [SpringApplicationShutdownHook] [                                                 ] com.netflix.discovery.DiscoveryClient    : Shutting down DiscoveryClient ...
2025-11-22T21:40:10.341+07:00  INFO 222274 --- [review-service] [SpringApplicationShutdownHook] [                                                 ] com.netflix.discovery.DiscoveryClient    : Unregistering ...
2025-11-22T21:40:10.350+07:00  INFO 222274 --- [review-service] [SpringApplicationShutdownHook] [                                                 ] com.netflix.discovery.DiscoveryClient    : DiscoveryClient_REVIEW-SERVICE/archlinux:review-service:8087 - deregister  status: 200
2025-11-22T21:40:10.350+07:00  INFO 222274 --- [review-service] [SpringApplicationShutdownHook] [                                                 ] com.netflix.discovery.DiscoveryClient    : Completed shut down of DiscoveryClient
2025-11-22T21:40:14.729+07:00  INFO 224001 --- [review-service] [main] [                                                 ] com.ecom.review.ReviewApplication        : Starting ReviewApplication using Java 25.0.1 with PID 224001 (/home/fragile/Desktop/platform-ecom/platform-ecom-backend/review/target/classes started by fragile in /home/fragile/Desktop/platform-ecom)
2025-11-22T21:40:14.732+07:00  INFO 224001 --- [review-service] [main] [                                                 ] com.ecom.review.ReviewApplication        : No active profile set, falling back to 1 default profile: "default"
2025-11-22T21:40:14.763+07:00  INFO 224001 --- [review-service] [main] [                                                 ] o.s.c.c.c.ConfigServerConfigDataLoader   : Fetching config from server at : http://localhost:8888
2025-11-22T21:40:14.763+07:00  INFO 224001 --- [review-service] [main] [                                                 ] o.s.c.c.c.ConfigServerConfigDataLoader   : Located environment: name=review-service, profiles=[default], label=null, version=00affd3c4a6a8588b7c0a45a6762ea14a0883965, state=
2025-11-22T21:40:15.762+07:00  INFO 224001 --- [review-service] [main] [                                                 ] .s.d.r.c.RepositoryConfigurationDelegate : Bootstrapping Spring Data JPA repositories in DEFAULT mode.
2025-11-22T21:40:15.870+07:00  INFO 224001 --- [review-service] [main] [                                                 ] .s.d.r.c.RepositoryConfigurationDelegate : Finished Spring Data repository scanning in 99 ms. Found 1 JPA repository interface.
2025-11-22T21:40:16.077+07:00  INFO 224001 --- [review-service] [main] [                                                 ] faultConfiguringBeanFactoryPostProcessor : No bean named 'errorChannel' has been explicitly defined. Therefore, a default PublishSubscribeChannel will be created.
2025-11-22T21:40:16.084+07:00  INFO 224001 --- [review-service] [main] [                                                 ] faultConfiguringBeanFactoryPostProcessor : No bean named 'integrationHeaderChannelRegistry' has been explicitly defined. Therefore, a default DefaultHeaderChannelRegistry will be created.
2025-11-22T21:40:16.189+07:00  INFO 224001 --- [review-service] [main] [                                                 ] o.s.cloud.context.scope.GenericScope     : BeanFactory id=d88a7b53-76c3-3d4f-9822-3f67c1f7a04a
2025-11-22T21:40:16.731+07:00  INFO 224001 --- [review-service] [main] [                                                 ] o.s.b.w.embedded.tomcat.TomcatWebServer  : Tomcat initialized with port 8087 (http)
2025-11-22T21:40:16.745+07:00  INFO 224001 --- [review-service] [main] [                                                 ] o.apache.catalina.core.StandardService   : Starting service [Tomcat]
2025-11-22T21:40:16.745+07:00  INFO 224001 --- [review-service] [main] [                                                 ] o.apache.catalina.core.StandardEngine    : Starting Servlet engine: [Apache Tomcat/10.1.46]
2025-11-22T21:40:16.786+07:00  INFO 224001 --- [review-service] [main] [                                                 ] o.a.c.c.C.[Tomcat].[localhost].[/]       : Initializing Spring embedded WebApplicationContext
2025-11-22T21:40:16.787+07:00  INFO 224001 --- [review-service] [main] [                                                 ] w.s.c.ServletWebServerApplicationContext : Root WebApplicationContext: initialization completed in 2023 ms
2025-11-22T21:40:17.304+07:00  INFO 224001 --- [review-service] [main] [                                                 ] o.hibernate.jpa.internal.util.LogHelper  : HHH000204: Processing PersistenceUnitInfo [name: default]
2025-11-22T21:40:17.350+07:00  INFO 224001 --- [review-service] [main] [                                                 ] org.hibernate.Version                    : HHH000412: Hibernate ORM core version 6.6.29.Final
2025-11-22T21:40:17.376+07:00  INFO 224001 --- [review-service] [main] [                                                 ] o.h.c.internal.RegionFactoryInitiator    : HHH000026: Second-level cache disabled
2025-11-22T21:40:17.575+07:00  INFO 224001 --- [review-service] [main] [                                                 ] o.s.o.j.p.SpringPersistenceUnitInfo      : No LoadTimeWeaver setup: ignoring JPA class transformer
2025-11-22T21:40:17.595+07:00  INFO 224001 --- [review-service] [main] [                                                 ] com.zaxxer.hikari.HikariDataSource       : HikariPool-1 - Starting...
2025-11-22T21:40:17.741+07:00  INFO 224001 --- [review-service] [main] [                                                 ] com.zaxxer.hikari.pool.HikariPool        : HikariPool-1 - Added connection org.postgresql.jdbc.PgConnection@5fcff272
2025-11-22T21:40:17.742+07:00  INFO 224001 --- [review-service] [main] [                                                 ] com.zaxxer.hikari.HikariDataSource       : HikariPool-1 - Start completed.
2025-11-22T21:40:17.764+07:00  WARN 224001 --- [review-service] [main] [                                                 ] org.hibernate.orm.deprecation            : HHH90000025: PostgreSQLDialect does not need to be specified explicitly using 'hibernate.dialect' (remove the property setting and it will be selected by default)
2025-11-22T21:40:17.788+07:00  INFO 224001 --- [review-service] [main] [                                                 ] org.hibernate.orm.connections.pooling    : HHH10001005: Database info:
	Database JDBC URL [Connecting through datasource 'HikariDataSource (HikariPool-1)']
	Database driver: undefined/unknown
	Database version: 17.6
	Autocommit mode: undefined/unknown
	Isolation level: undefined/unknown
	Minimum pool size: undefined/unknown
	Maximum pool size: undefined/unknown
2025-11-22T21:40:18.443+07:00  INFO 224001 --- [review-service] [main] [                                                 ] o.h.e.t.j.p.i.JtaPlatformInitiator       : HHH000489: No JTA platform available (set 'hibernate.transaction.jta.platform' to enable JTA platform integration)
2025-11-22T21:40:18.481+07:00  INFO 224001 --- [review-service] [main] [                                                 ] j.LocalContainerEntityManagerFactoryBean : Initialized JPA EntityManagerFactory for persistence unit 'default'
2025-11-22T21:40:18.769+07:00  INFO 224001 --- [review-service] [main] [                                                 ] o.s.d.j.r.query.QueryEnhancerFactory     : Hibernate is in classpath; If applicable, HQL parser will be used.
2025-11-22T21:40:19.452+07:00  WARN 224001 --- [review-service] [main] [                                                 ] JpaBaseConfiguration$JpaWebConfiguration : spring.jpa.open-in-view is enabled by default. Therefore, database queries may be performed during view rendering. Explicitly configure spring.jpa.open-in-view to disable this warning
2025-11-22T21:40:20.186+07:00  INFO 224001 --- [review-service] [main] [                                                 ] DiscoveryClientOptionalArgsConfiguration : Eureka HTTP Client uses RestTemplate.
2025-11-22T21:40:20.233+07:00  WARN 224001 --- [review-service] [main] [                                                 ] iguration$LoadBalancerCaffeineWarnLogger : Spring Cloud LoadBalancer is currently working with the default cache. While this cache implementation is useful for development and tests, it's recommended to use Caffeine cache in production.You can switch to using Caffeine cache, by adding it and org.springframework.cache.caffeine.CaffeineCacheManager to the classpath.
2025-11-22T21:40:20.243+07:00  INFO 224001 --- [review-service] [main] [                                                 ] o.s.b.a.e.web.EndpointLinksResolver      : Exposing 22 endpoints beneath base path '/actuator'
2025-11-22T21:40:20.394+07:00  INFO 224001 --- [review-service] [main] [                                                 ] o.s.i.endpoint.EventDrivenConsumer       : Adding {logging-channel-adapter:_org.springframework.integration.errorLogger} as a subscriber to the 'errorChannel' channel
2025-11-22T21:40:20.395+07:00  INFO 224001 --- [review-service] [main] [                                                 ] o.s.i.channel.PublishSubscribeChannel    : Channel 'review-service.errorChannel' has 1 subscriber(s).
2025-11-22T21:40:20.396+07:00  INFO 224001 --- [review-service] [main] [                                                 ] o.s.i.endpoint.EventDrivenConsumer       : started bean '_org.springframework.integration.errorLogger'
2025-11-22T21:40:20.412+07:00  INFO 224001 --- [review-service] [main] [                                                 ] o.s.c.n.eureka.InstanceInfoFactory       : Setting initial instance status as: STARTING
2025-11-22T21:40:20.447+07:00  INFO 224001 --- [review-service] [main] [                                                 ] com.netflix.discovery.DiscoveryClient    : Initializing Eureka in region us-east-1
2025-11-22T21:40:20.450+07:00  INFO 224001 --- [review-service] [main] [                                                 ] c.n.d.s.r.aws.ConfigClusterResolver      : Resolving eureka endpoints via configuration
2025-11-22T21:40:20.458+07:00  INFO 224001 --- [review-service] [main] [                                                 ] com.netflix.discovery.DiscoveryClient    : Disable delta property : false
2025-11-22T21:40:20.458+07:00  INFO 224001 --- [review-service] [main] [                                                 ] com.netflix.discovery.DiscoveryClient    : Single vip registry refresh property : null
2025-11-22T21:40:20.458+07:00  INFO 224001 --- [review-service] [main] [                                                 ] com.netflix.discovery.DiscoveryClient    : Force full registry fetch : false
2025-11-22T21:40:20.459+07:00  INFO 224001 --- [review-service] [main] [                                                 ] com.netflix.discovery.DiscoveryClient    : Application is null : false
2025-11-22T21:40:20.459+07:00  INFO 224001 --- [review-service] [main] [                                                 ] com.netflix.discovery.DiscoveryClient    : Registered Applications size is zero : true
2025-11-22T21:40:20.459+07:00  INFO 224001 --- [review-service] [main] [                                                 ] com.netflix.discovery.DiscoveryClient    : Application version is -1: true
2025-11-22T21:40:20.459+07:00  INFO 224001 --- [review-service] [main] [                                                 ] com.netflix.discovery.DiscoveryClient    : Getting all instance registry info from the eureka server
2025-11-22T21:40:20.594+07:00  INFO 224001 --- [review-service] [main] [                                                 ] com.netflix.discovery.DiscoveryClient    : The response status is 200
2025-11-22T21:40:20.596+07:00  INFO 224001 --- [review-service] [main] [                                                 ] com.netflix.discovery.DiscoveryClient    : Starting heartbeat executor: renew interval is: 30
2025-11-22T21:40:20.597+07:00  INFO 224001 --- [review-service] [main] [                                                 ] c.n.discovery.InstanceInfoReplicator     : InstanceInfoReplicator onDemand update allowed rate per min is 4
2025-11-22T21:40:20.599+07:00  INFO 224001 --- [review-service] [main] [                                                 ] com.netflix.discovery.DiscoveryClient    : Discovery Client initialized at timestamp 1763822420598 with initial instances count: 5
2025-11-22T21:40:20.604+07:00  INFO 224001 --- [review-service] [main] [                                                 ] o.s.c.n.e.s.EurekaServiceRegistry        : Registering application REVIEW-SERVICE with eureka with status UP
2025-11-22T21:40:20.604+07:00  INFO 224001 --- [review-service] [main] [                                                 ] com.netflix.discovery.DiscoveryClient    : Saw local status change event StatusChangeEvent [timestamp=1763822420604, current=UP, previous=STARTING]
2025-11-22T21:40:20.605+07:00  INFO 224001 --- [review-service] [DiscoveryClient-InstanceInfoReplicator-%d] [                                                 ] com.netflix.discovery.DiscoveryClient    : DiscoveryClient_REVIEW-SERVICE/archlinux:review-service:8087: registering service...
2025-11-22T21:40:20.615+07:00  INFO 224001 --- [review-service] [main] [                                                 ] o.s.b.w.embedded.tomcat.TomcatWebServer  : Tomcat started on port 8087 (http) with context path '/'
2025-11-22T21:40:20.616+07:00  INFO 224001 --- [review-service] [main] [                                                 ] .s.c.n.e.s.EurekaAutoServiceRegistration : Updating port to 8087
2025-11-22T21:40:20.647+07:00  INFO 224001 --- [review-service] [DiscoveryClient-InstanceInfoReplicator-%d] [                                                 ] com.netflix.discovery.DiscoveryClient    : DiscoveryClient_REVIEW-SERVICE/archlinux:review-service:8087 - registration status: 204
2025-11-22T21:40:20.648+07:00  INFO 224001 --- [review-service] [main] [                                                 ] com.ecom.review.ReviewApplication        : Started ReviewApplication in 7.752 seconds (process running for 8.439)
2025-11-22T21:40:20.791+07:00  INFO 224001 --- [review-service] [main] [                                                 ] com.ecom.review.seeder.FakeDataSeeder    : Starting Review service fake data seeding...
2025-11-22T21:40:20.791+07:00  INFO 224001 --- [review-service] [main] [                                                 ] com.ecom.review.seeder.FakeDataSeeder    : Seeding 200 reviews...
2025-11-22T21:40:21.244+07:00  INFO 224001 --- [review-service] [main] [                                                 ] com.ecom.review.seeder.FakeDataSeeder    : ✓ Created 200 reviews
2025-11-22T21:40:21.245+07:00  INFO 224001 --- [review-service] [main] [                                                 ] com.ecom.review.seeder.FakeDataSeeder    : Review service fake data seeding completed!
2025-11-22T21:40:21.631+07:00  WARN 224001 --- [review-service] [AsyncReporter{ZipkinHttpClientSender{http://localhost:9411/api/v2/spans}}] [                                                 ] z.r.i.AsyncReporter$BoundedAsyncReporter : Spans were dropped due to exceptions. All subsequent errors will be logged at FINE level.
2025-11-22T21:40:21.631+07:00  WARN 224001 --- [review-service] [AsyncReporter{ZipkinHttpClientSender{http://localhost:9411/api/v2/spans}}] [                                                 ] z.r.i.AsyncReporter$BoundedAsyncReporter : Dropped 2 spans due to ConnectException()

java.net.ConnectException: null
	at java.net.http/jdk.internal.net.http.HttpClientImpl.send(HttpClientImpl.java:923) ~[java.net.http:na]
	at java.net.http/jdk.internal.net.http.HttpClientFacade.send(HttpClientFacade.java:133) ~[java.net.http:na]
	at org.springframework.boot.actuate.autoconfigure.tracing.zipkin.ZipkinHttpClientSender.postSpans(ZipkinHttpClientSender.java:60) ~[spring-boot-actuator-autoconfigure-3.5.6.jar:3.5.6]
	at org.springframework.boot.actuate.autoconfigure.tracing.zipkin.HttpSender.postSpans(HttpSender.java:69) ~[spring-boot-actuator-autoconfigure-3.5.6.jar:3.5.6]
	at org.springframework.boot.actuate.autoconfigure.tracing.zipkin.HttpSender.postSpans(HttpSender.java:41) ~[spring-boot-actuator-autoconfigure-3.5.6.jar:3.5.6]
	at zipkin2.reporter.BaseHttpSender.send(BaseHttpSender.java:123) ~[zipkin-reporter-3.5.1.jar:na]
	at zipkin2.reporter.internal.AsyncReporter$BoundedAsyncReporter.flush(AsyncReporter.java:266) ~[zipkin-reporter-3.5.1.jar:na]
	at zipkin2.reporter.internal.AsyncReporter$Flusher.run(AsyncReporter.java:352) ~[zipkin-reporter-3.5.1.jar:na]
	at java.base/java.lang.Thread.run(Thread.java:1474) ~[na:na]
Caused by: java.net.ConnectException: null
	at java.net.http/jdk.internal.net.http.common.Utils.toConnectException(Utils.java:1070) ~[java.net.http:na]
	at java.net.http/jdk.internal.net.http.PlainHttpConnection.connectAsync(PlainHttpConnection.java:223) ~[java.net.http:na]
	at java.net.http/jdk.internal.net.http.PlainHttpConnection.checkRetryConnect(PlainHttpConnection.java:277) ~[java.net.http:na]
	at java.net.http/jdk.internal.net.http.PlainHttpConnection.lambda$connectAsync$0(PlainHttpConnection.java:235) ~[java.net.http:na]
	at java.base/java.util.concurrent.CompletableFuture.uniHandle(CompletableFuture.java:955) ~[na:na]
	at java.base/java.util.concurrent.CompletableFuture$UniHandle.tryFire(CompletableFuture.java:932) ~[na:na]
	at java.base/java.util.concurrent.CompletableFuture.postComplete(CompletableFuture.java:531) ~[na:na]
	at java.base/java.util.concurrent.CompletableFuture$AsyncSupply.run(CompletableFuture.java:1794) ~[na:na]
	at java.base/java.util.concurrent.ThreadPoolExecutor.runWorker(ThreadPoolExecutor.java:1090) ~[na:na]
	at java.base/java.util.concurrent.ThreadPoolExecutor$Worker.run(ThreadPoolExecutor.java:614) ~[na:na]
	... 1 common frames omitted
Caused by: java.nio.channels.ClosedChannelException: null
	at java.base/sun.nio.ch.SocketChannelImpl.ensureOpen(SocketChannelImpl.java:204) ~[na:na]
	at java.base/sun.nio.ch.SocketChannelImpl.connect(SocketChannelImpl.java:942) ~[na:na]
	at java.net.http/jdk.internal.net.http.PlainHttpConnection.connectAsync(PlainHttpConnection.java:211) ~[java.net.http:na]
	... 9 common frames omitted

2025-11-22T21:40:29.008+07:00  INFO 224001 --- [review-service] [http-nio-8087-exec-1] [                                                 ] o.a.c.c.C.[Tomcat].[localhost].[/]       : Initializing Spring DispatcherServlet 'dispatcherServlet'
2025-11-22T21:40:29.009+07:00  INFO 224001 --- [review-service] [http-nio-8087-exec-1] [                                                 ] o.s.web.servlet.DispatcherServlet        : Initializing Servlet 'dispatcherServlet'
2025-11-22T21:40:29.010+07:00  INFO 224001 --- [review-service] [http-nio-8087-exec-1] [                                                 ] o.s.web.servlet.DispatcherServlet        : Completed initialization in 1 ms
2025-11-22T21:40:58.557+07:00  INFO 224001 --- [review-service] [SpringApplicationShutdownHook] [                                                 ] o.s.c.n.e.s.EurekaServiceRegistry        : Unregistering application REVIEW-SERVICE with eureka with status DOWN
2025-11-22T21:40:58.558+07:00  INFO 224001 --- [review-service] [SpringApplicationShutdownHook] [                                                 ] com.netflix.discovery.DiscoveryClient    : Saw local status change event StatusChangeEvent [timestamp=1763822458558, current=DOWN, previous=UP]
2025-11-22T21:40:58.558+07:00  INFO 224001 --- [review-service] [DiscoveryClient-InstanceInfoReplicator-%d] [                                                 ] com.netflix.discovery.DiscoveryClient    : DiscoveryClient_REVIEW-SERVICE/archlinux:review-service:8087: registering service...
2025-11-22T21:40:58.561+07:00  INFO 224001 --- [review-service] [SpringApplicationShutdownHook] [                                                 ] o.s.b.w.e.tomcat.GracefulShutdown        : Commencing graceful shutdown. Waiting for active requests to complete
2025-11-22T21:40:58.563+07:00  INFO 224001 --- [review-service] [tomcat-shutdown] [                                                 ] o.s.b.w.e.tomcat.GracefulShutdown        : Graceful shutdown complete
2025-11-22T21:40:58.564+07:00  INFO 224001 --- [review-service] [DiscoveryClient-InstanceInfoReplicator-%d] [                                                 ] com.netflix.discovery.DiscoveryClient    : DiscoveryClient_REVIEW-SERVICE/archlinux:review-service:8087 - registration status: 204
2025-11-22T21:40:58.565+07:00  INFO 224001 --- [review-service] [SpringApplicationShutdownHook] [                                                 ] o.s.i.endpoint.EventDrivenConsumer       : Removing {logging-channel-adapter:_org.springframework.integration.errorLogger} as a subscriber to the 'errorChannel' channel
2025-11-22T21:40:58.565+07:00  INFO 224001 --- [review-service] [SpringApplicationShutdownHook] [                                                 ] o.s.i.channel.PublishSubscribeChannel    : Channel 'review-service.errorChannel' has 0 subscriber(s).
2025-11-22T21:40:58.566+07:00  INFO 224001 --- [review-service] [SpringApplicationShutdownHook] [                                                 ] o.s.i.endpoint.EventDrivenConsumer       : stopped bean '_org.springframework.integration.errorLogger'
2025-11-22T21:40:58.577+07:00  INFO 224001 --- [review-service] [SpringApplicationShutdownHook] [                                                 ] j.LocalContainerEntityManagerFactoryBean : Closing JPA EntityManagerFactory for persistence unit 'default'
2025-11-22T21:40:58.586+07:00  INFO 224001 --- [review-service] [SpringApplicationShutdownHook] [                                                 ] com.zaxxer.hikari.HikariDataSource       : HikariPool-1 - Shutdown initiated...
2025-11-22T21:40:58.589+07:00  INFO 224001 --- [review-service] [SpringApplicationShutdownHook] [                                                 ] com.zaxxer.hikari.HikariDataSource       : HikariPool-1 - Shutdown completed.
2025-11-22T21:40:58.657+07:00  INFO 224001 --- [review-service] [SpringApplicationShutdownHook] [                                                 ] com.netflix.discovery.DiscoveryClient    : Shutting down DiscoveryClient ...
2025-11-22T21:41:01.657+07:00  INFO 224001 --- [review-service] [SpringApplicationShutdownHook] [                                                 ] com.netflix.discovery.DiscoveryClient    : Unregistering ...
2025-11-22T21:41:01.663+07:00  INFO 224001 --- [review-service] [SpringApplicationShutdownHook] [                                                 ] com.netflix.discovery.DiscoveryClient    : DiscoveryClient_REVIEW-SERVICE/archlinux:review-service:8087 - deregister  status: 200
2025-11-22T21:41:01.664+07:00  INFO 224001 --- [review-service] [SpringApplicationShutdownHook] [                                                 ] com.netflix.discovery.DiscoveryClient    : Completed shut down of DiscoveryClient
2025-11-22T21:41:06.289+07:00  INFO 224552 --- [review-service] [main] [                                                 ] com.ecom.review.ReviewApplication        : Starting ReviewApplication using Java 25.0.1 with PID 224552 (/home/fragile/Desktop/platform-ecom/platform-ecom-backend/review/target/classes started by fragile in /home/fragile/Desktop/platform-ecom)
2025-11-22T21:41:06.292+07:00  INFO 224552 --- [review-service] [main] [                                                 ] com.ecom.review.ReviewApplication        : No active profile set, falling back to 1 default profile: "default"
2025-11-22T21:41:06.321+07:00  INFO 224552 --- [review-service] [main] [                                                 ] o.s.c.c.c.ConfigServerConfigDataLoader   : Fetching config from server at : http://localhost:8888
2025-11-22T21:41:06.321+07:00  INFO 224552 --- [review-service] [main] [                                                 ] o.s.c.c.c.ConfigServerConfigDataLoader   : Located environment: name=review-service, profiles=[default], label=null, version=00affd3c4a6a8588b7c0a45a6762ea14a0883965, state=
2025-11-22T21:41:07.232+07:00  INFO 224552 --- [review-service] [main] [                                                 ] .s.d.r.c.RepositoryConfigurationDelegate : Bootstrapping Spring Data JPA repositories in DEFAULT mode.
2025-11-22T21:41:07.336+07:00  INFO 224552 --- [review-service] [main] [                                                 ] .s.d.r.c.RepositoryConfigurationDelegate : Finished Spring Data repository scanning in 96 ms. Found 1 JPA repository interface.
2025-11-22T21:41:07.487+07:00  INFO 224552 --- [review-service] [main] [                                                 ] faultConfiguringBeanFactoryPostProcessor : No bean named 'errorChannel' has been explicitly defined. Therefore, a default PublishSubscribeChannel will be created.
2025-11-22T21:41:07.492+07:00  INFO 224552 --- [review-service] [main] [                                                 ] faultConfiguringBeanFactoryPostProcessor : No bean named 'integrationHeaderChannelRegistry' has been explicitly defined. Therefore, a default DefaultHeaderChannelRegistry will be created.
2025-11-22T21:41:07.600+07:00  INFO 224552 --- [review-service] [main] [                                                 ] o.s.cloud.context.scope.GenericScope     : BeanFactory id=d88a7b53-76c3-3d4f-9822-3f67c1f7a04a
2025-11-22T21:41:08.044+07:00  INFO 224552 --- [review-service] [main] [                                                 ] o.s.b.w.embedded.tomcat.TomcatWebServer  : Tomcat initialized with port 8087 (http)
2025-11-22T21:41:08.054+07:00  INFO 224552 --- [review-service] [main] [                                                 ] o.apache.catalina.core.StandardService   : Starting service [Tomcat]
2025-11-22T21:41:08.054+07:00  INFO 224552 --- [review-service] [main] [                                                 ] o.apache.catalina.core.StandardEngine    : Starting Servlet engine: [Apache Tomcat/10.1.46]
2025-11-22T21:41:08.085+07:00  INFO 224552 --- [review-service] [main] [                                                 ] o.a.c.c.C.[Tomcat].[localhost].[/]       : Initializing Spring embedded WebApplicationContext
2025-11-22T21:41:08.085+07:00  INFO 224552 --- [review-service] [main] [                                                 ] w.s.c.ServletWebServerApplicationContext : Root WebApplicationContext: initialization completed in 1763 ms
2025-11-22T21:41:08.562+07:00  INFO 224552 --- [review-service] [main] [                                                 ] o.hibernate.jpa.internal.util.LogHelper  : HHH000204: Processing PersistenceUnitInfo [name: default]
2025-11-22T21:41:08.603+07:00  INFO 224552 --- [review-service] [main] [                                                 ] org.hibernate.Version                    : HHH000412: Hibernate ORM core version 6.6.29.Final
2025-11-22T21:41:08.629+07:00  INFO 224552 --- [review-service] [main] [                                                 ] o.h.c.internal.RegionFactoryInitiator    : HHH000026: Second-level cache disabled
2025-11-22T21:41:08.812+07:00  INFO 224552 --- [review-service] [main] [                                                 ] o.s.o.j.p.SpringPersistenceUnitInfo      : No LoadTimeWeaver setup: ignoring JPA class transformer
2025-11-22T21:41:08.830+07:00  INFO 224552 --- [review-service] [main] [                                                 ] com.zaxxer.hikari.HikariDataSource       : HikariPool-1 - Starting...
2025-11-22T21:41:09.061+07:00  INFO 224552 --- [review-service] [main] [                                                 ] com.zaxxer.hikari.pool.HikariPool        : HikariPool-1 - Added connection org.postgresql.jdbc.PgConnection@6f076c53
2025-11-22T21:41:09.062+07:00  INFO 224552 --- [review-service] [main] [                                                 ] com.zaxxer.hikari.HikariDataSource       : HikariPool-1 - Start completed.
2025-11-22T21:41:09.086+07:00  WARN 224552 --- [review-service] [main] [                                                 ] org.hibernate.orm.deprecation            : HHH90000025: PostgreSQLDialect does not need to be specified explicitly using 'hibernate.dialect' (remove the property setting and it will be selected by default)
2025-11-22T21:41:09.109+07:00  INFO 224552 --- [review-service] [main] [                                                 ] org.hibernate.orm.connections.pooling    : HHH10001005: Database info:
	Database JDBC URL [Connecting through datasource 'HikariDataSource (HikariPool-1)']
	Database driver: undefined/unknown
	Database version: 17.6
	Autocommit mode: undefined/unknown
	Isolation level: undefined/unknown
	Minimum pool size: undefined/unknown
	Maximum pool size: undefined/unknown
2025-11-22T21:41:09.687+07:00  INFO 224552 --- [review-service] [main] [                                                 ] o.h.e.t.j.p.i.JtaPlatformInitiator       : HHH000489: No JTA platform available (set 'hibernate.transaction.jta.platform' to enable JTA platform integration)
2025-11-22T21:41:09.715+07:00  INFO 224552 --- [review-service] [main] [                                                 ] j.LocalContainerEntityManagerFactoryBean : Initialized JPA EntityManagerFactory for persistence unit 'default'
2025-11-22T21:41:09.933+07:00  INFO 224552 --- [review-service] [main] [                                                 ] o.s.d.j.r.query.QueryEnhancerFactory     : Hibernate is in classpath; If applicable, HQL parser will be used.
2025-11-22T21:41:10.824+07:00  WARN 224552 --- [review-service] [main] [                                                 ] JpaBaseConfiguration$JpaWebConfiguration : spring.jpa.open-in-view is enabled by default. Therefore, database queries may be performed during view rendering. Explicitly configure spring.jpa.open-in-view to disable this warning
2025-11-22T21:41:11.529+07:00  INFO 224552 --- [review-service] [main] [                                                 ] DiscoveryClientOptionalArgsConfiguration : Eureka HTTP Client uses RestTemplate.
2025-11-22T21:41:11.583+07:00  WARN 224552 --- [review-service] [main] [                                                 ] iguration$LoadBalancerCaffeineWarnLogger : Spring Cloud LoadBalancer is currently working with the default cache. While this cache implementation is useful for development and tests, it's recommended to use Caffeine cache in production.You can switch to using Caffeine cache, by adding it and org.springframework.cache.caffeine.CaffeineCacheManager to the classpath.
2025-11-22T21:41:11.594+07:00  INFO 224552 --- [review-service] [main] [                                                 ] o.s.b.a.e.web.EndpointLinksResolver      : Exposing 22 endpoints beneath base path '/actuator'
2025-11-22T21:41:11.725+07:00  INFO 224552 --- [review-service] [main] [                                                 ] o.s.i.endpoint.EventDrivenConsumer       : Adding {logging-channel-adapter:_org.springframework.integration.errorLogger} as a subscriber to the 'errorChannel' channel
2025-11-22T21:41:11.726+07:00  INFO 224552 --- [review-service] [main] [                                                 ] o.s.i.channel.PublishSubscribeChannel    : Channel 'review-service.errorChannel' has 1 subscriber(s).
2025-11-22T21:41:11.726+07:00  INFO 224552 --- [review-service] [main] [                                                 ] o.s.i.endpoint.EventDrivenConsumer       : started bean '_org.springframework.integration.errorLogger'
2025-11-22T21:41:11.734+07:00  INFO 224552 --- [review-service] [main] [                                                 ] o.s.c.n.eureka.InstanceInfoFactory       : Setting initial instance status as: STARTING
2025-11-22T21:41:11.756+07:00  INFO 224552 --- [review-service] [main] [                                                 ] com.netflix.discovery.DiscoveryClient    : Initializing Eureka in region us-east-1
2025-11-22T21:41:11.758+07:00  INFO 224552 --- [review-service] [main] [                                                 ] c.n.d.s.r.aws.ConfigClusterResolver      : Resolving eureka endpoints via configuration
2025-11-22T21:41:11.765+07:00  INFO 224552 --- [review-service] [main] [                                                 ] com.netflix.discovery.DiscoveryClient    : Disable delta property : false
2025-11-22T21:41:11.765+07:00  INFO 224552 --- [review-service] [main] [                                                 ] com.netflix.discovery.DiscoveryClient    : Single vip registry refresh property : null
2025-11-22T21:41:11.765+07:00  INFO 224552 --- [review-service] [main] [                                                 ] com.netflix.discovery.DiscoveryClient    : Force full registry fetch : false
2025-11-22T21:41:11.765+07:00  INFO 224552 --- [review-service] [main] [                                                 ] com.netflix.discovery.DiscoveryClient    : Application is null : false
2025-11-22T21:41:11.765+07:00  INFO 224552 --- [review-service] [main] [                                                 ] com.netflix.discovery.DiscoveryClient    : Registered Applications size is zero : true
2025-11-22T21:41:11.766+07:00  INFO 224552 --- [review-service] [main] [                                                 ] com.netflix.discovery.DiscoveryClient    : Application version is -1: true
2025-11-22T21:41:11.766+07:00  INFO 224552 --- [review-service] [main] [                                                 ] com.netflix.discovery.DiscoveryClient    : Getting all instance registry info from the eureka server
2025-11-22T21:41:11.888+07:00  INFO 224552 --- [review-service] [main] [                                                 ] com.netflix.discovery.DiscoveryClient    : The response status is 200
2025-11-22T21:41:11.890+07:00  INFO 224552 --- [review-service] [main] [                                                 ] com.netflix.discovery.DiscoveryClient    : Starting heartbeat executor: renew interval is: 30
2025-11-22T21:41:11.892+07:00  INFO 224552 --- [review-service] [main] [                                                 ] c.n.discovery.InstanceInfoReplicator     : InstanceInfoReplicator onDemand update allowed rate per min is 4
2025-11-22T21:41:11.893+07:00  INFO 224552 --- [review-service] [main] [                                                 ] com.netflix.discovery.DiscoveryClient    : Discovery Client initialized at timestamp 1763822471893 with initial instances count: 5
2025-11-22T21:41:11.898+07:00  INFO 224552 --- [review-service] [main] [                                                 ] o.s.c.n.e.s.EurekaServiceRegistry        : Registering application REVIEW-SERVICE with eureka with status UP
2025-11-22T21:41:11.898+07:00  INFO 224552 --- [review-service] [main] [                                                 ] com.netflix.discovery.DiscoveryClient    : Saw local status change event StatusChangeEvent [timestamp=1763822471898, current=UP, previous=STARTING]
2025-11-22T21:41:11.899+07:00  INFO 224552 --- [review-service] [DiscoveryClient-InstanceInfoReplicator-%d] [                                                 ] com.netflix.discovery.DiscoveryClient    : DiscoveryClient_REVIEW-SERVICE/archlinux:review-service:8087: registering service...
2025-11-22T21:41:11.908+07:00  INFO 224552 --- [review-service] [main] [                                                 ] o.s.b.w.embedded.tomcat.TomcatWebServer  : Tomcat started on port 8087 (http) with context path '/'
2025-11-22T21:41:11.909+07:00  INFO 224552 --- [review-service] [main] [                                                 ] .s.c.n.e.s.EurekaAutoServiceRegistration : Updating port to 8087
2025-11-22T21:41:11.934+07:00  INFO 224552 --- [review-service] [DiscoveryClient-InstanceInfoReplicator-%d] [                                                 ] com.netflix.discovery.DiscoveryClient    : DiscoveryClient_REVIEW-SERVICE/archlinux:review-service:8087 - registration status: 204
2025-11-22T21:41:11.944+07:00  INFO 224552 --- [review-service] [main] [                                                 ] com.ecom.review.ReviewApplication        : Started ReviewApplication in 7.6 seconds (process running for 8.209)
2025-11-22T21:41:12.080+07:00  INFO 224552 --- [review-service] [main] [                                                 ] com.ecom.review.seeder.FakeDataSeeder    : Starting Review service fake data seeding...
2025-11-22T21:41:12.080+07:00  INFO 224552 --- [review-service] [main] [                                                 ] com.ecom.review.seeder.FakeDataSeeder    : Seeding 200 reviews...
2025-11-22T21:41:12.562+07:00  INFO 224552 --- [review-service] [main] [                                                 ] com.ecom.review.seeder.FakeDataSeeder    : ✓ Created 200 reviews
2025-11-22T21:41:12.562+07:00  INFO 224552 --- [review-service] [main] [                                                 ] com.ecom.review.seeder.FakeDataSeeder    : Review service fake data seeding completed!
2025-11-22T21:41:12.925+07:00  WARN 224552 --- [review-service] [AsyncReporter{ZipkinHttpClientSender{http://localhost:9411/api/v2/spans}}] [                                                 ] z.r.i.AsyncReporter$BoundedAsyncReporter : Spans were dropped due to exceptions. All subsequent errors will be logged at FINE level.
2025-11-22T21:41:12.925+07:00  WARN 224552 --- [review-service] [AsyncReporter{ZipkinHttpClientSender{http://localhost:9411/api/v2/spans}}] [                                                 ] z.r.i.AsyncReporter$BoundedAsyncReporter : Dropped 2 spans due to ConnectException()

java.net.ConnectException: null
	at java.net.http/jdk.internal.net.http.HttpClientImpl.send(HttpClientImpl.java:923) ~[java.net.http:na]
	at java.net.http/jdk.internal.net.http.HttpClientFacade.send(HttpClientFacade.java:133) ~[java.net.http:na]
	at org.springframework.boot.actuate.autoconfigure.tracing.zipkin.ZipkinHttpClientSender.postSpans(ZipkinHttpClientSender.java:60) ~[spring-boot-actuator-autoconfigure-3.5.6.jar:3.5.6]
	at org.springframework.boot.actuate.autoconfigure.tracing.zipkin.HttpSender.postSpans(HttpSender.java:69) ~[spring-boot-actuator-autoconfigure-3.5.6.jar:3.5.6]
	at org.springframework.boot.actuate.autoconfigure.tracing.zipkin.HttpSender.postSpans(HttpSender.java:41) ~[spring-boot-actuator-autoconfigure-3.5.6.jar:3.5.6]
	at zipkin2.reporter.BaseHttpSender.send(BaseHttpSender.java:123) ~[zipkin-reporter-3.5.1.jar:na]
	at zipkin2.reporter.internal.AsyncReporter$BoundedAsyncReporter.flush(AsyncReporter.java:266) ~[zipkin-reporter-3.5.1.jar:na]
	at zipkin2.reporter.internal.AsyncReporter$Flusher.run(AsyncReporter.java:352) ~[zipkin-reporter-3.5.1.jar:na]
	at java.base/java.lang.Thread.run(Thread.java:1474) ~[na:na]
Caused by: java.net.ConnectException: null
	at java.net.http/jdk.internal.net.http.common.Utils.toConnectException(Utils.java:1070) ~[java.net.http:na]
	at java.net.http/jdk.internal.net.http.PlainHttpConnection.connectAsync(PlainHttpConnection.java:223) ~[java.net.http:na]
	at java.net.http/jdk.internal.net.http.PlainHttpConnection.checkRetryConnect(PlainHttpConnection.java:277) ~[java.net.http:na]
	at java.net.http/jdk.internal.net.http.PlainHttpConnection.lambda$connectAsync$0(PlainHttpConnection.java:235) ~[java.net.http:na]
	at java.base/java.util.concurrent.CompletableFuture.uniHandle(CompletableFuture.java:955) ~[na:na]
	at java.base/java.util.concurrent.CompletableFuture$UniHandle.tryFire(CompletableFuture.java:932) ~[na:na]
	at java.base/java.util.concurrent.CompletableFuture.postComplete(CompletableFuture.java:531) ~[na:na]
	at java.base/java.util.concurrent.CompletableFuture$AsyncSupply.run(CompletableFuture.java:1794) ~[na:na]
	at java.base/java.util.concurrent.ThreadPoolExecutor.runWorker(ThreadPoolExecutor.java:1090) ~[na:na]
	at java.base/java.util.concurrent.ThreadPoolExecutor$Worker.run(ThreadPoolExecutor.java:614) ~[na:na]
	... 1 common frames omitted
Caused by: java.nio.channels.ClosedChannelException: null
	at java.base/sun.nio.ch.SocketChannelImpl.ensureOpen(SocketChannelImpl.java:204) ~[na:na]
	at java.base/sun.nio.ch.SocketChannelImpl.connect(SocketChannelImpl.java:942) ~[na:na]
	at java.net.http/jdk.internal.net.http.PlainHttpConnection.connectAsync(PlainHttpConnection.java:211) ~[java.net.http:na]
	... 9 common frames omitted

2025-11-22T21:44:16.782+07:00  INFO 224552 --- [review-service] [http-nio-8087-exec-1] [                                                 ] o.a.c.c.C.[Tomcat].[localhost].[/]       : Initializing Spring DispatcherServlet 'dispatcherServlet'
2025-11-22T21:44:16.783+07:00  INFO 224552 --- [review-service] [http-nio-8087-exec-1] [                                                 ] o.s.web.servlet.DispatcherServlet        : Initializing Servlet 'dispatcherServlet'
2025-11-22T21:44:16.785+07:00  INFO 224552 --- [review-service] [http-nio-8087-exec-1] [                                                 ] o.s.web.servlet.DispatcherServlet        : Completed initialization in 2 ms
2025-11-22T21:46:11.767+07:00  INFO 224552 --- [review-service] [AsyncResolver-bootstrap-executor-%d] [                                                 ] c.n.d.s.r.aws.ConfigClusterResolver      : Resolving eureka endpoints via configuration
2025-11-22T21:51:11.771+07:00  INFO 224552 --- [review-service] [AsyncResolver-bootstrap-executor-%d] [                                                 ] c.n.d.s.r.aws.ConfigClusterResolver      : Resolving eureka endpoints via configuration
2025-11-22T21:56:11.777+07:00  INFO 224552 --- [review-service] [AsyncResolver-bootstrap-executor-%d] [                                                 ] c.n.d.s.r.aws.ConfigClusterResolver      : Resolving eureka endpoints via configuration
2025-11-22T21:56:20.449+07:00  INFO 224552 --- [review-service] [SpringApplicationShutdownHook] [                                                 ] o.s.c.n.e.s.EurekaServiceRegistry        : Unregistering application REVIEW-SERVICE with eureka with status DOWN
2025-11-22T21:56:20.450+07:00  INFO 224552 --- [review-service] [SpringApplicationShutdownHook] [                                                 ] com.netflix.discovery.DiscoveryClient    : Saw local status change event StatusChangeEvent [timestamp=1763823380450, current=DOWN, previous=UP]
2025-11-22T21:56:20.453+07:00  INFO 224552 --- [review-service] [DiscoveryClient-InstanceInfoReplicator-%d] [                                                 ] com.netflix.discovery.DiscoveryClient    : DiscoveryClient_REVIEW-SERVICE/archlinux:review-service:8087: registering service...
2025-11-22T21:56:20.484+07:00  INFO 224552 --- [review-service] [SpringApplicationShutdownHook] [                                                 ] o.s.b.w.e.tomcat.GracefulShutdown        : Commencing graceful shutdown. Waiting for active requests to complete
2025-11-22T21:56:20.501+07:00  INFO 224552 --- [review-service] [tomcat-shutdown] [                                                 ] o.s.b.w.e.tomcat.GracefulShutdown        : Graceful shutdown complete
2025-11-22T21:56:20.508+07:00  INFO 224552 --- [review-service] [DiscoveryClient-InstanceInfoReplicator-%d] [                                                 ] com.netflix.discovery.DiscoveryClient    : DiscoveryClient_REVIEW-SERVICE/archlinux:review-service:8087 - registration status: 204
2025-11-22T21:56:20.513+07:00  INFO 224552 --- [review-service] [SpringApplicationShutdownHook] [                                                 ] o.s.i.endpoint.EventDrivenConsumer       : Removing {logging-channel-adapter:_org.springframework.integration.errorLogger} as a subscriber to the 'errorChannel' channel
2025-11-22T21:56:20.513+07:00  INFO 224552 --- [review-service] [SpringApplicationShutdownHook] [                                                 ] o.s.i.channel.PublishSubscribeChannel    : Channel 'review-service.errorChannel' has 0 subscriber(s).
2025-11-22T21:56:20.514+07:00  INFO 224552 --- [review-service] [SpringApplicationShutdownHook] [                                                 ] o.s.i.endpoint.EventDrivenConsumer       : stopped bean '_org.springframework.integration.errorLogger'
2025-11-22T21:56:20.550+07:00  INFO 224552 --- [review-service] [SpringApplicationShutdownHook] [                                                 ] j.LocalContainerEntityManagerFactoryBean : Closing JPA EntityManagerFactory for persistence unit 'default'
2025-11-22T21:56:20.654+07:00  INFO 224552 --- [review-service] [SpringApplicationShutdownHook] [                                                 ] com.zaxxer.hikari.HikariDataSource       : HikariPool-1 - Shutdown initiated...
2025-11-22T21:56:20.660+07:00  INFO 224552 --- [review-service] [SpringApplicationShutdownHook] [                                                 ] com.zaxxer.hikari.HikariDataSource       : HikariPool-1 - Shutdown completed.
2025-11-22T21:56:21.170+07:00  INFO 224552 --- [review-service] [SpringApplicationShutdownHook] [                                                 ] com.netflix.discovery.DiscoveryClient    : Shutting down DiscoveryClient ...
2025-11-22T21:56:24.170+07:00  INFO 224552 --- [review-service] [SpringApplicationShutdownHook] [                                                 ] com.netflix.discovery.DiscoveryClient    : Unregistering ...
2025-11-22T21:56:24.177+07:00  INFO 224552 --- [review-service] [SpringApplicationShutdownHook] [                                                 ] com.netflix.discovery.DiscoveryClient    : DiscoveryClient_REVIEW-SERVICE/archlinux:review-service:8087 - deregister  status: 200
2025-11-22T21:56:24.177+07:00  INFO 224552 --- [review-service] [SpringApplicationShutdownHook] [                                                 ] com.netflix.discovery.DiscoveryClient    : Completed shut down of DiscoveryClient
2025-11-22T21:58:56.262+07:00  INFO 234073 --- [review-service] [main] [                                                 ] com.ecom.review.ReviewApplication        : Starting ReviewApplication using Java 25.0.1 with PID 234073 (/home/fragile/Desktop/platform-ecom/platform-ecom-backend/review/target/classes started by fragile in /home/fragile/Desktop/platform-ecom)
2025-11-22T21:58:56.266+07:00  INFO 234073 --- [review-service] [main] [                                                 ] com.ecom.review.ReviewApplication        : No active profile set, falling back to 1 default profile: "default"
2025-11-22T21:58:56.305+07:00  INFO 234073 --- [review-service] [main] [                                                 ] o.s.c.c.c.ConfigServerConfigDataLoader   : Fetching config from server at : http://localhost:8888
2025-11-22T21:58:56.306+07:00  INFO 234073 --- [review-service] [main] [                                                 ] o.s.c.c.c.ConfigServerConfigDataLoader   : Located environment: name=review-service, profiles=[default], label=null, version=00affd3c4a6a8588b7c0a45a6762ea14a0883965, state=
2025-11-22T21:58:57.242+07:00  INFO 234073 --- [review-service] [main] [                                                 ] .s.d.r.c.RepositoryConfigurationDelegate : Bootstrapping Spring Data JPA repositories in DEFAULT mode.
2025-11-22T21:58:57.351+07:00  INFO 234073 --- [review-service] [main] [                                                 ] .s.d.r.c.RepositoryConfigurationDelegate : Finished Spring Data repository scanning in 99 ms. Found 1 JPA repository interface.
2025-11-22T21:58:57.548+07:00  INFO 234073 --- [review-service] [main] [                                                 ] faultConfiguringBeanFactoryPostProcessor : No bean named 'errorChannel' has been explicitly defined. Therefore, a default PublishSubscribeChannel will be created.
2025-11-22T21:58:57.554+07:00  INFO 234073 --- [review-service] [main] [                                                 ] faultConfiguringBeanFactoryPostProcessor : No bean named 'integrationHeaderChannelRegistry' has been explicitly defined. Therefore, a default DefaultHeaderChannelRegistry will be created.
2025-11-22T21:58:57.664+07:00  INFO 234073 --- [review-service] [main] [                                                 ] o.s.cloud.context.scope.GenericScope     : BeanFactory id=d88a7b53-76c3-3d4f-9822-3f67c1f7a04a
2025-11-22T21:58:58.217+07:00  INFO 234073 --- [review-service] [main] [                                                 ] o.s.b.w.embedded.tomcat.TomcatWebServer  : Tomcat initialized with port 8087 (http)
2025-11-22T21:58:58.229+07:00  INFO 234073 --- [review-service] [main] [                                                 ] o.apache.catalina.core.StandardService   : Starting service [Tomcat]
2025-11-22T21:58:58.229+07:00  INFO 234073 --- [review-service] [main] [                                                 ] o.apache.catalina.core.StandardEngine    : Starting Servlet engine: [Apache Tomcat/10.1.46]
2025-11-22T21:58:58.265+07:00  INFO 234073 --- [review-service] [main] [                                                 ] o.a.c.c.C.[Tomcat].[localhost].[/]       : Initializing Spring embedded WebApplicationContext
2025-11-22T21:58:58.265+07:00  INFO 234073 --- [review-service] [main] [                                                 ] w.s.c.ServletWebServerApplicationContext : Root WebApplicationContext: initialization completed in 1958 ms
2025-11-22T21:58:58.759+07:00  INFO 234073 --- [review-service] [main] [                                                 ] o.hibernate.jpa.internal.util.LogHelper  : HHH000204: Processing PersistenceUnitInfo [name: default]
2025-11-22T21:58:58.808+07:00  INFO 234073 --- [review-service] [main] [                                                 ] org.hibernate.Version                    : HHH000412: Hibernate ORM core version 6.6.29.Final
2025-11-22T21:58:58.842+07:00  INFO 234073 --- [review-service] [main] [                                                 ] o.h.c.internal.RegionFactoryInitiator    : HHH000026: Second-level cache disabled
2025-11-22T21:58:59.099+07:00  INFO 234073 --- [review-service] [main] [                                                 ] o.s.o.j.p.SpringPersistenceUnitInfo      : No LoadTimeWeaver setup: ignoring JPA class transformer
2025-11-22T21:58:59.130+07:00  INFO 234073 --- [review-service] [main] [                                                 ] com.zaxxer.hikari.HikariDataSource       : HikariPool-1 - Starting...
2025-11-22T21:58:59.609+07:00  INFO 234073 --- [review-service] [main] [                                                 ] com.zaxxer.hikari.pool.HikariPool        : HikariPool-1 - Added connection org.postgresql.jdbc.PgConnection@b0e6d4e
2025-11-22T21:58:59.612+07:00  INFO 234073 --- [review-service] [main] [                                                 ] com.zaxxer.hikari.HikariDataSource       : HikariPool-1 - Start completed.
2025-11-22T21:58:59.670+07:00  WARN 234073 --- [review-service] [main] [                                                 ] org.hibernate.orm.deprecation            : HHH90000025: PostgreSQLDialect does not need to be specified explicitly using 'hibernate.dialect' (remove the property setting and it will be selected by default)
2025-11-22T21:58:59.707+07:00  INFO 234073 --- [review-service] [main] [                                                 ] org.hibernate.orm.connections.pooling    : HHH10001005: Database info:
	Database JDBC URL [Connecting through datasource 'HikariDataSource (HikariPool-1)']
	Database driver: undefined/unknown
	Database version: 17.6
	Autocommit mode: undefined/unknown
	Isolation level: undefined/unknown
	Minimum pool size: undefined/unknown
	Maximum pool size: undefined/unknown
2025-11-22T21:59:00.453+07:00  INFO 234073 --- [review-service] [main] [                                                 ] o.h.e.t.j.p.i.JtaPlatformInitiator       : HHH000489: No JTA platform available (set 'hibernate.transaction.jta.platform' to enable JTA platform integration)
2025-11-22T21:59:00.477+07:00  INFO 234073 --- [review-service] [main] [                                                 ] j.LocalContainerEntityManagerFactoryBean : Initialized JPA EntityManagerFactory for persistence unit 'default'
2025-11-22T21:59:00.739+07:00  INFO 234073 --- [review-service] [main] [                                                 ] o.s.d.j.r.query.QueryEnhancerFactory     : Hibernate is in classpath; If applicable, HQL parser will be used.
2025-11-22T21:59:01.533+07:00  WARN 234073 --- [review-service] [main] [                                                 ] JpaBaseConfiguration$JpaWebConfiguration : spring.jpa.open-in-view is enabled by default. Therefore, database queries may be performed during view rendering. Explicitly configure spring.jpa.open-in-view to disable this warning
2025-11-22T21:59:02.601+07:00  INFO 234073 --- [review-service] [main] [                                                 ] DiscoveryClientOptionalArgsConfiguration : Eureka HTTP Client uses RestTemplate.
2025-11-22T21:59:02.674+07:00  WARN 234073 --- [review-service] [main] [                                                 ] iguration$LoadBalancerCaffeineWarnLogger : Spring Cloud LoadBalancer is currently working with the default cache. While this cache implementation is useful for development and tests, it's recommended to use Caffeine cache in production.You can switch to using Caffeine cache, by adding it and org.springframework.cache.caffeine.CaffeineCacheManager to the classpath.
2025-11-22T21:59:02.686+07:00  INFO 234073 --- [review-service] [main] [                                                 ] o.s.b.a.e.web.EndpointLinksResolver      : Exposing 22 endpoints beneath base path '/actuator'
2025-11-22T21:59:02.901+07:00  INFO 234073 --- [review-service] [main] [                                                 ] o.s.i.endpoint.EventDrivenConsumer       : Adding {logging-channel-adapter:_org.springframework.integration.errorLogger} as a subscriber to the 'errorChannel' channel
2025-11-22T21:59:02.901+07:00  INFO 234073 --- [review-service] [main] [                                                 ] o.s.i.channel.PublishSubscribeChannel    : Channel 'review-service.errorChannel' has 1 subscriber(s).
2025-11-22T21:59:02.902+07:00  INFO 234073 --- [review-service] [main] [                                                 ] o.s.i.endpoint.EventDrivenConsumer       : started bean '_org.springframework.integration.errorLogger'
2025-11-22T21:59:02.912+07:00  INFO 234073 --- [review-service] [main] [                                                 ] o.s.c.n.eureka.InstanceInfoFactory       : Setting initial instance status as: STARTING
2025-11-22T21:59:02.932+07:00  INFO 234073 --- [review-service] [main] [                                                 ] com.netflix.discovery.DiscoveryClient    : Initializing Eureka in region us-east-1
2025-11-22T21:59:02.936+07:00  INFO 234073 --- [review-service] [main] [                                                 ] c.n.d.s.r.aws.ConfigClusterResolver      : Resolving eureka endpoints via configuration
2025-11-22T21:59:02.944+07:00  INFO 234073 --- [review-service] [main] [                                                 ] com.netflix.discovery.DiscoveryClient    : Disable delta property : false
2025-11-22T21:59:02.944+07:00  INFO 234073 --- [review-service] [main] [                                                 ] com.netflix.discovery.DiscoveryClient    : Single vip registry refresh property : null
2025-11-22T21:59:02.945+07:00  INFO 234073 --- [review-service] [main] [                                                 ] com.netflix.discovery.DiscoveryClient    : Force full registry fetch : false
2025-11-22T21:59:02.945+07:00  INFO 234073 --- [review-service] [main] [                                                 ] com.netflix.discovery.DiscoveryClient    : Application is null : false
2025-11-22T21:59:02.945+07:00  INFO 234073 --- [review-service] [main] [                                                 ] com.netflix.discovery.DiscoveryClient    : Registered Applications size is zero : true
2025-11-22T21:59:02.945+07:00  INFO 234073 --- [review-service] [main] [                                                 ] com.netflix.discovery.DiscoveryClient    : Application version is -1: true
2025-11-22T21:59:02.945+07:00  INFO 234073 --- [review-service] [main] [                                                 ] com.netflix.discovery.DiscoveryClient    : Getting all instance registry info from the eureka server
2025-11-22T21:59:03.132+07:00  INFO 234073 --- [review-service] [main] [                                                 ] com.netflix.discovery.DiscoveryClient    : The response status is 200
2025-11-22T21:59:03.134+07:00  INFO 234073 --- [review-service] [main] [                                                 ] com.netflix.discovery.DiscoveryClient    : Starting heartbeat executor: renew interval is: 30
2025-11-22T21:59:03.135+07:00  INFO 234073 --- [review-service] [main] [                                                 ] c.n.discovery.InstanceInfoReplicator     : InstanceInfoReplicator onDemand update allowed rate per min is 4
2025-11-22T21:59:03.137+07:00  INFO 234073 --- [review-service] [main] [                                                 ] com.netflix.discovery.DiscoveryClient    : Discovery Client initialized at timestamp 1763823543136 with initial instances count: 3
2025-11-22T21:59:03.142+07:00  INFO 234073 --- [review-service] [main] [                                                 ] o.s.c.n.e.s.EurekaServiceRegistry        : Registering application REVIEW-SERVICE with eureka with status UP
2025-11-22T21:59:03.143+07:00  INFO 234073 --- [review-service] [main] [                                                 ] com.netflix.discovery.DiscoveryClient    : Saw local status change event StatusChangeEvent [timestamp=1763823543143, current=UP, previous=STARTING]
2025-11-22T21:59:03.144+07:00  INFO 234073 --- [review-service] [DiscoveryClient-InstanceInfoReplicator-%d] [                                                 ] com.netflix.discovery.DiscoveryClient    : DiscoveryClient_REVIEW-SERVICE/archlinux:review-service:8087: registering service...
2025-11-22T21:59:03.155+07:00  INFO 234073 --- [review-service] [main] [                                                 ] o.s.b.w.embedded.tomcat.TomcatWebServer  : Tomcat started on port 8087 (http) with context path '/'
2025-11-22T21:59:03.156+07:00  INFO 234073 --- [review-service] [main] [                                                 ] .s.c.n.e.s.EurekaAutoServiceRegistration : Updating port to 8087
2025-11-22T21:59:03.193+07:00  INFO 234073 --- [review-service] [DiscoveryClient-InstanceInfoReplicator-%d] [                                                 ] com.netflix.discovery.DiscoveryClient    : DiscoveryClient_REVIEW-SERVICE/archlinux:review-service:8087 - registration status: 204
2025-11-22T21:59:03.210+07:00  INFO 234073 --- [review-service] [main] [                                                 ] com.ecom.review.ReviewApplication        : Started ReviewApplication in 8.808 seconds (process running for 9.417)
2025-11-22T21:59:03.546+07:00  INFO 234073 --- [review-service] [main] [                                                 ] com.ecom.review.seeder.FakeDataSeeder    : Starting Review service fake data seeding...
2025-11-22T21:59:03.546+07:00  INFO 234073 --- [review-service] [main] [                                                 ] com.ecom.review.seeder.FakeDataSeeder    : Seeding 200 reviews...
2025-11-22T21:59:04.199+07:00  WARN 234073 --- [review-service] [AsyncReporter{ZipkinHttpClientSender{http://localhost:9411/api/v2/spans}}] [                                                 ] z.r.i.AsyncReporter$BoundedAsyncReporter : Spans were dropped due to exceptions. All subsequent errors will be logged at FINE level.
2025-11-22T21:59:04.200+07:00  WARN 234073 --- [review-service] [AsyncReporter{ZipkinHttpClientSender{http://localhost:9411/api/v2/spans}}] [                                                 ] z.r.i.AsyncReporter$BoundedAsyncReporter : Dropped 2 spans due to ConnectException()

java.net.ConnectException: null
	at java.net.http/jdk.internal.net.http.HttpClientImpl.send(HttpClientImpl.java:923) ~[java.net.http:na]
	at java.net.http/jdk.internal.net.http.HttpClientFacade.send(HttpClientFacade.java:133) ~[java.net.http:na]
	at org.springframework.boot.actuate.autoconfigure.tracing.zipkin.ZipkinHttpClientSender.postSpans(ZipkinHttpClientSender.java:60) ~[spring-boot-actuator-autoconfigure-3.5.6.jar:3.5.6]
	at org.springframework.boot.actuate.autoconfigure.tracing.zipkin.HttpSender.postSpans(HttpSender.java:69) ~[spring-boot-actuator-autoconfigure-3.5.6.jar:3.5.6]
	at org.springframework.boot.actuate.autoconfigure.tracing.zipkin.HttpSender.postSpans(HttpSender.java:41) ~[spring-boot-actuator-autoconfigure-3.5.6.jar:3.5.6]
	at zipkin2.reporter.BaseHttpSender.send(BaseHttpSender.java:123) ~[zipkin-reporter-3.5.1.jar:na]
	at zipkin2.reporter.internal.AsyncReporter$BoundedAsyncReporter.flush(AsyncReporter.java:266) ~[zipkin-reporter-3.5.1.jar:na]
	at zipkin2.reporter.internal.AsyncReporter$Flusher.run(AsyncReporter.java:352) ~[zipkin-reporter-3.5.1.jar:na]
	at java.base/java.lang.Thread.run(Thread.java:1474) ~[na:na]
Caused by: java.net.ConnectException: null
	at java.net.http/jdk.internal.net.http.common.Utils.toConnectException(Utils.java:1070) ~[java.net.http:na]
	at java.net.http/jdk.internal.net.http.PlainHttpConnection.connectAsync(PlainHttpConnection.java:223) ~[java.net.http:na]
	at java.net.http/jdk.internal.net.http.PlainHttpConnection.checkRetryConnect(PlainHttpConnection.java:277) ~[java.net.http:na]
	at java.net.http/jdk.internal.net.http.PlainHttpConnection.lambda$connectAsync$0(PlainHttpConnection.java:235) ~[java.net.http:na]
	at java.base/java.util.concurrent.CompletableFuture.uniHandle(CompletableFuture.java:955) ~[na:na]
	at java.base/java.util.concurrent.CompletableFuture$UniHandle.tryFire(CompletableFuture.java:932) ~[na:na]
	at java.base/java.util.concurrent.CompletableFuture.postComplete(CompletableFuture.java:531) ~[na:na]
	at java.base/java.util.concurrent.CompletableFuture$AsyncSupply.run(CompletableFuture.java:1794) ~[na:na]
	at java.base/java.util.concurrent.ThreadPoolExecutor.runWorker(ThreadPoolExecutor.java:1090) ~[na:na]
	at java.base/java.util.concurrent.ThreadPoolExecutor$Worker.run(ThreadPoolExecutor.java:614) ~[na:na]
	... 1 common frames omitted
Caused by: java.nio.channels.ClosedChannelException: null
	at java.base/sun.nio.ch.SocketChannelImpl.ensureOpen(SocketChannelImpl.java:204) ~[na:na]
	at java.base/sun.nio.ch.SocketChannelImpl.connect(SocketChannelImpl.java:942) ~[na:na]
	at java.net.http/jdk.internal.net.http.PlainHttpConnection.connectAsync(PlainHttpConnection.java:211) ~[java.net.http:na]
	... 9 common frames omitted

2025-11-22T21:59:04.423+07:00  INFO 234073 --- [review-service] [main] [                                                 ] com.ecom.review.seeder.FakeDataSeeder    : ✓ Created 200 reviews
2025-11-22T21:59:04.424+07:00  INFO 234073 --- [review-service] [main] [                                                 ] com.ecom.review.seeder.FakeDataSeeder    : Review service fake data seeding completed!
2025-11-22T21:59:58.205+07:00  INFO 234073 --- [review-service] [http-nio-8087-exec-1] [                                                 ] o.a.c.c.C.[Tomcat].[localhost].[/]       : Initializing Spring DispatcherServlet 'dispatcherServlet'
2025-11-22T21:59:58.206+07:00  INFO 234073 --- [review-service] [http-nio-8087-exec-1] [                                                 ] o.s.web.servlet.DispatcherServlet        : Initializing Servlet 'dispatcherServlet'
2025-11-22T21:59:58.207+07:00  INFO 234073 --- [review-service] [http-nio-8087-exec-1] [                                                 ] o.s.web.servlet.DispatcherServlet        : Completed initialization in 1 ms
2025-11-22T22:04:02.946+07:00  INFO 234073 --- [review-service] [AsyncResolver-bootstrap-executor-%d] [                                                 ] c.n.d.s.r.aws.ConfigClusterResolver      : Resolving eureka endpoints via configuration
2025-11-22T22:09:02.947+07:00  INFO 234073 --- [review-service] [AsyncResolver-bootstrap-executor-%d] [                                                 ] c.n.d.s.r.aws.ConfigClusterResolver      : Resolving eureka endpoints via configuration
2025-11-22T22:14:02.949+07:00  INFO 234073 --- [review-service] [AsyncResolver-bootstrap-executor-%d] [                                                 ] c.n.d.s.r.aws.ConfigClusterResolver      : Resolving eureka endpoints via configuration
